x,y
81,83
266,197
195,176
243,212
89,273
190,154
85,209
191,165
167,172
86,279
189,144
58,223
64,227
79,216
110,298
191,129
189,154
269,204
49,104
247,211
88,267
196,178
152,105
87,72
233,211
201,242
54,225
197,179
207,276
67,224
167,152
266,189
48,102
213,208
272,201
311,125
196,175
210,269
196,280
224,33
267,196
193,165
88,277
65,207
59,219
65,256
136,87
71,221
73,266
232,177
191,149
78,273
68,200
267,189
212,264
75,196
75,268
192,128
191,156
58,224
146,96
70,222
202,287
64,232
73,265
88,274
268,205
78,216
87,208
87,279
192,177
268,207
57,219
203,288
64,231
74,266
235,212
63,248
191,147
191,140
93,90
89,272
191,141
82,85
232,211
255,193
208,277
78,265
56,220
219,247
76,259
266,187
66,257
223,193
124,144
89,271
215,258
176,148
86,268
253,211
195,280
202,264
221,245
66,237
56,226
198,179
268,181
270,203
79,215
190,144
69,222
62,75
56,222
68,224
66,225
91,92
95,149
76,194
174,171
252,211
197,274
83,211
189,150
86,278
110,107
112,175
80,88
191,150
85,93
195,277
209,270
76,258
261,172
100,92
63,232
231,196
271,203
257,155
194,180
160,140
196,179
264,209
76,254
70,223
57,221
255,197
184,173
83,266
166,141
269,205
89,267
63,231
221,244
78,272
190,169
244,212
266,184
197,277
61,217
268,183
88,276
121,159
80,84
215,220
108,295
72,221
265,190
192,291
191,143
128,173
244,211
169,154
89,266
111,117
219,250
199,95
192,127
144,128
244,200
192,150
195,175
159,141
261,211
85,279
138,53
87,278
206,112
190,163
213,219
81,276
194,172
92,144
86,280
88,275
60,223
218,250
98,138
196,278
191,170
177,149
193,166
264,205
138,81
52,76
191,169
45,113
269,187
192,158
191,116
232,196
220,247
63,220
190,158
135,142
206,278
189,175
138,174
263,175
80,214
234,210
266,188
225,235
191,145
173,170
77,218
267,183
74,219
210,270
112,166
195,285
107,92
182,172
193,179
189,143
266,186
217,200
77,217
193,178
195,181
66,240
67,257
205,260
197,276
207,275
267,206
199,273
261,186
267,207
248,212
260,207
85,266
78,263
66,239
217,225
263,192
250,195
242,211
62,249
68,199
245,211
65,236
194,286
68,223
193,162
75,218
100,294
50,74
66,226
173,169
157,154
178,177
88,273
87,69
99,37
89,275
273,201
66,258
89,269
90,276
270,205
195,282
191,153
66,224
82,154
262,188
129,150
300,158
87,277
79,87
91,157
107,120
252,210
89,265
251,214
89,272
81,262
105,102
67,242
195,173
185,143
215,219
138,200
242,199
91,134
209,272
135,91
89,270
127,85
208,251
216,256
192,121
111,175
79,84
52,78
194,171
156,152
93,143
67,215
194,283
82,266
82,134
90,275
64,222
226,191
160,118
115,295
189,145
126,165
181,171
189,146
180,172
195,278
190,156
207,274
77,259
78,260
99,128
220,244
226,236
268,206
88,272
84,210
204,260
88,268
194,280
192,290
130,49
199,269
96,127
109,91
192,77
192,160
101,29
191,133
193,168
266,207
85,132
99,137
81,213
61,225
92,271
204,258
83,269
193,124
191,139
72,220
155,167
79,86
65,226
194,167
47,87
216,202
64,228
180,171
70,221
64,223
192,173
191,171
108,105
191,126
193,112
84,267
212,262
192,161
87,276
55,225
89,273
65,235
123,142
198,287
76,257
225,238
77,263
192,124
88,276
77,268
74,261
79,262
67,219
80,112
260,212
67,221
158,139
73,219
175,146
191,115
75,266
194,179
213,263
242,147
191,166
126,169
254,150
65,257
67,223
131,156
85,280
64,234
65,68
204,289
55,230
43,73
176,194
247,162
188,175
252,209
75,269
246,212
93,160
111,174
202,288
114,107
184,172
109,155
114,29
244,209
250,166
90,67
204,286
206,279
191,175
193,116
207,251
245,198
75,256
84,208
189,135
65,225
224,234
43,65
91,132
183,173
118,34
96,103
72,202
110,111
196,275
264,200
192,146
252,213
273,200
82,279
79,264
263,191
87,179
188,174
140,91
79,265
84,279
192,122
192,172
229,185
194,180
89,179
169,172
260,174
155,152
89,268
91,275
98,294
244,197
60,218
62,215
214,258
192,179
100,200
266,181
196,177
190,176
69,200
134,149
74,268
226,207
271,202
77,265
72,248
193,174
264,155
115,32
207,279
167,151
83,210
49,124
125,46
207,241
76,264
178,178
54,224
185,201
190,124
89,271
76,256
88,271
100,27
106,39
249,210
263,177
265,157
106,118
262,190
161,144
75,270
132,99
207,118
102,38
215,259
0,46
121,28
66,214
65,224
111,298
88,178
80,85
86,270
157,126
261,192
104,124
68,243
198,273
1,45
253,214
262,191
174,129
206,284
81,135
172,169
67,208
82,135
207,250
270,204
189,141
163,158
260,197
115,158
98,137
225,234
192,163
193,164
194,174
46,67
265,207
190,177
92,93
191,167
169,171
191,154
191,144
76,218
88,266
76,270
133,155
99,28
108,45
250,149
0,45
185,174
262,209
0,47
63,209
192,152
169,155
251,197
212,265
211,267
90,192
139,201
239,162
94,194
191,146
86,279
174,196
141,105
265,189
178,168
89,61
165,155
194,281
93,61
191,151
75,257
69,256
194,278
79,215
195,166
169,147
77,216
262,194
91,66
97,95
299,158
81,214
116,206
1,46
93,63
110,174
80,190
176,169
191,137
208,116
84,280
94,155
77,270
264,190
201,266
207,275
67,224
191,127
86,277
96,144
191,130
84,268
270,201
64,230
179,172
83,280
262,184
80,263
80,144
221,194
101,130
224,192
88,275
89,272
80,152
225,199
112,196
91,158
264,191
42,65
273,203
266,198
76,267
126,171
189,155
58,218
231,182
95,195
250,210
189,131
112,197
94,151
101,37
62,224
189,133
80,274
64,213
46,92
1,47
86,209
54,232
202,263
245,213
192,171
193,114
208,271
262,197
80,215
227,203
224,233
260,174
190,122
77,153
209,119
88,277
205,111
77,140
162,161
95,125
189,152
214,260
204,259
78,262
92,91
126,44
261,191
63,215
80,270
69,222
205,256
75,255
195,177
193,118
66,225
97,294
164,172
198,271
88,64
79,120
0,45
89,277
85,209
197,180
263,182
191,112
260,192
107,100
89,269
121,201
190,160
202,97
266,185
262,173
107,294
232,178
192,157
269,160
0,44
93,158
80,276
76,253
88,139
64,227
299,136
62,219
173,150
198,272
62,245
215,260
54,229
262,206
194,282
79,85
200,273
116,298
65,248
140,72
78,138
71,147
216,254
195,174
130,119
189,150
63,230
189,139
78,86
191,128
206,277
76,259
207,277
110,173
109,113
206,278
230,196
79,125
62,248
122,264
152,103
42,67
132,100
192,120
140,96
275,164
102,51
209,250
191,138
81,264
54,226
89,274
126,99
47,68
98,199
117,44
63,249
195,176
204,100
267,186
129,201
270,203
77,264
190,159
90,268
266,158
197,104
112,146
89,270
43,74
250,215
212,306
134,95
207,247
272,202
245,197
72,252
213,261
137,157
67,220
68,222
215,257
66,259
263,186
68,62
265,208
193,179
108,104
230,184
191,177
206,255
84,80
71,146
90,190
64,226
80,269
211,265
208,272
249,211
176,171
193,175
77,201
259,207
136,174
64,69
203,100
65,250
84,209
177,157
71,214
98,139
257,192
139,53
136,97
198,104
77,263
68,219
203,260
193,111
171,149
192,178
246,196
207,276
64,252
87,277
128,98
78,131
76,258
189,129
253,209
193,170
199,271
84,265
91,159
88,274
81,271
213,207
192,118
70,153
251,211
0,46
65,212
200,121
210,120
85,211
0,48
103,121
45,117
199,104
212,305
46,66
2,47
95,88
235,197
196,178
189,148
216,255
80,277
255,191
88,278
88,265
191,168
75,178
74,260
140,57
115,15
80,278
187,175
119,17
218,223
192,162
206,239
1,45
221,243
227,188
128,172
113,29
191,135
189,134
82,212
274,201
98,87
73,220
213,205
78,216
64,214
206,280
217,223
105,123
202,266
106,294
187,143
170,156
75,254
79,83
150,155
138,83
88,273
135,91
208,274
151,143
65,256
139,87
174,146
185,173
65,225
101,144
198,245
69,223
81,153
231,208
69,244
192,159
210,268
71,224
68,223
131,151
266,189
192,144
190,162
178,169
193,167
192,160
189,153
117,15
79,190
219,199
227,187
71,152
97,128
89,63
137,146
78,258
60,217
58,220
99,110
0,47
141,84
240,145
49,97
112,35
65,255
191,155
178,171
49,74
86,278
236,196
190,121
203,101
62,212
75,265
247,210
195,178
96,104
76,271
101,132
82,265
186,205
198,176
61,247
196,279
110,172
59,240
80,128
143,104
94,140
73,219
160,152
266,187
108,92
210,267
134,114
81,268
109,105
192,111
104,119
59,219
63,250
243,213
265,190
64,229
197,274
83,132
54,225
92,64
64,254
68,205
151,139
138,78
194,173
186,172
61,223
88,192
205,281
146,115
231,180
191,148
54,227
171,145
102,188
118,166
249,196
93,159
89,138
117,152
228,200
97,204
191,141
85,264
118,167
44,74
147,124
2,46
77,262
1,46
224,194
50,121
229,199
89,69
109,112
267,188
271,204
70,221
174,161
231,179
109,11
57,224
76,255
80,138
190,158
242,146
79,275
55,232
273,201
188,143
65,238
0,45
81,130
64,233
203,261
264,199
192,164
209,271
75,256
251,169
267,205
100,56
210,269
138,88
75,261
84,79
217,254
175,147
102,129
98,200
209,270
72,150
126,172
138,149
225,236
154,114
44,96
136,75
219,248
231,197
193,119
193,171
89,194
142,78
145,70
147,91
55,131
208,275
81,120
185,172
76,140
127,142
94,88
63,221
94,160
140,159
109,154
79,127
81,267
99,135
167,153
77,142
201,290
95,147
97,163
266,188
68,244
223,198
183,198
184,173
61,213
196,179
265,192
81,128
65,247
205,102
68,64
191,152
192,141
67,243
248,210
113,298
194,277
115,142
214,259
262,207
199,275
245,212
191,178
63,231
194,175
212,263
88,72
160,148
196,283
223,193
59,242
191,156
111,27
187,205
191,147
190,210
49,123
89,273
93,90
54,230
60,219
225,190
127,298
136,70
248,211
225,191
222,242
85,279
251,208
97,134
136,167
233,197
98,130
139,83
229,196
223,201
99,107
207,243
172,148
204,278
78,214
68,198
96,31
83,211
167,128
189,137
263,205
266,208
192,126
75,258
108,168
87,278
213,212
157,121
170,169
223,194
265,205
161,155
206,281
84,132
89,269
191,164
78,191
209,269
83,266
78,265
59,216
127,82
153,115
219,227
83,269
257,196
64,220
220,228
126,43
266,209
103,127
221,230
66,258
72,144
144,113
194,287
269,158
263,197
75,218
63,251
138,82
267,192
151,105
194,109
97,23
66,224
82,263
44,72
190,163
89,272
77,171
268,205
123,144
189,151
178,176
204,235
66,238
85,79
149,114
207,244
69,209
82,211
86,199
202,104
310,126
228,187
154,131
186,174
58,219
167,149
251,210
133,70
195,277
135,53
56,222
246,213
95,86
123,145
162,145
117,18
274,204
78,88
102,101
158,125
192,81
65,227
193,169
124,174
250,212
201,288
81,188
107,121
193,288
139,79
82,185
208,118
195,172
91,65
107,14
145,114
120,24
189,156
195,276
108,98
210,121
191,153
268,185
156,127
212,264
129,200
76,148
197,273
181,172
64,226
195,181
192,155
64,236
106,110
88,276
52,124
87,276
175,163
57,221
65,206
69,64
129,142
261,188
195,284
88,141
63,227
267,157
76,217
262,208
109,114
272,193
64,253
213,206
77,260
271,203
154,153
213,203
65,257
81,265
67,210
269,205
138,86
163,177
271,160
69,247
193,289
262,182
61,245
75,259
189,143
193,166
91,169
98,27
71,220
77,139
99,53
191,169
192,124
85,83
165,148
228,196
227,195
189,176
82,137
194,284
193,165
113,202
72,250
75,257
84,192
71,221
112,112
64,67
193,172
45,122
110,12
170,171
234,197
91,148
157,125
217,252
133,107
97,207
140,174
129,161
123,146
146,97
82,275
56,225
81,139
249,197
143,156
97,129
46,97
75,157
74,218
243,164
172,115
156,129
270,205
206,113
191,150
94,129
72,220
135,67
203,286
90,205
190,174
205,284
138,151
75,139
267,207
87,69
191,151
114,32
191,142
94,156
117,163
89,267
213,260
144,76
192,140
206,256
141,89
103,120
204,285
56,224
226,195
165,198
113,162
91,93
105,157
202,264
142,200
191,136
202,287
203,262
78,134
168,154
205,280
175,171
83,268
194,283
87,207
138,108
257,152
312,124
216,221
75,213
252,172
103,97
54,130
88,267
267,195
118,155
63,229
206,253
263,184
206,283
160,153
89,268
294,136
89,266
57,134
208,246
213,213
190,165
189,149
66,220
95,89
98,29
94,89
140,94
213,204
258,174
207,278
218,248
260,191
205,110
96,134
83,267
136,91
213,210
79,147
144,72
130,200
106,28
194,279
80,275
77,191
95,87
77,267
214,218
185,171
217,253
71,210
245,210
269,206
88,272
194,285
79,263
261,210
191,149
80,83
80,106
191,132
63,210
85,265
187,173
75,270
69,222
48,120
97,140
141,95
140,54
140,201
190,161
191,145
139,56
73,142
225,195
247,196
67,224
251,209
54,233
223,32
121,32
264,191
75,255
78,190
66,246
60,224
192,165
196,276
265,191
132,298
268,184
73,177
154,130
114,175
72,145
61,216
195,281
181,197
104,62
88,275
110,39
79,122
272,202
87,277
266,186
190,177
74,142
191,140
275,165
242,197
152,156
73,150
179,171
268,159
80,214
106,119
267,194
112,184
86,208
115,143
100,134
178,196
202,265
183,172
268,187
205,121
192,179
203,238
63,214
233,175
136,111
89,271
217,222
196,253
184,200
104,30
214,216
76,194
89,270
176,152
226,193
131,96
192,166
192,119
47,87
262,174
173,145
272,203
194,112
89,70
132,97
89,184
302,154
108,99
266,190
79,93
105,155
190,119
84,266
127,147
228,197
110,13
75,201
165,175
192,158
194,180
93,177
145,88
98,140
85,261
75,147
154,152
78,154
263,187
189,157
67,78
66,236
89,71
194,172
131,82
169,184
119,34
206,103
262,188
130,96
139,118
83,128
256,193
174,152
80,277
259,198
79,126
211,266
131,173
193,168
137,90
166,150
152,139
225,189
73,260
192,161
81,140
191,131
195,279
144,88
182,172
67,207
192,162
110,18
180,169
67,223
139,107
87,128
190,164
162,149
72,254
66,213
206,279
191,170
224,193
134,123
154,199
62,239
81,261
221,130
202,107
215,218
267,208
205,285
133,86
67,242
73,266
217,203
88,274
160,147
108,116
82,269
305,136
160,151
172,170
251,148
68,245
263,201
73,265
70,221
93,168
76,259
88,176
101,124
88,266
125,146
198,272
80,127
262,190
86,129
97,202
91,92
195,278
140,70
75,196
129,82
81,213
86,278
265,198
108,156
85,273
189,174
196,288
90,158
50,83
84,273
128,97
45,75
252,149
252,214
68,222
48,75
195,177
70,80
195,175
189,138
194,90
67,258
85,262
47,67
189,144
86,197
242,214
76,267
133,156
74,139
251,167
188,147
136,104
90,156
268,188
78,274
215,256
191,134
120,20
66,210
261,192
242,196
222,196
109,29
188,176
167,152
187,174
251,194
180,172
66,247
266,195
118,24
131,106
62,218
207,275
74,267
63,223
153,172
78,133
135,81
97,196
173,151
84,278
206,278
63,228
196,180
75,269
71,153
138,122
111,113
193,113
223,33
202,99
96,142
208,273
211,122
103,129
181,198
217,201
219,129
66,211
133,93
92,60
192,156
78,87
79,105
208,248
69,204
192,123
191,154
146,92
44,90
93,150
264,192
59,71
194,181
140,155
185,173
192,174
78,193
265,209
247,213
118,153
58,98
220,229
80,189
132,44
60,243
195,283
107,97
189,140
260,210
75,256
62,247
197,178
65,221
266,189
88,269
69,81
225,237
103,29
195,179
205,282
61,217
191,139
224,200
93,89
64,212
98,204
224,198
88,132
72,79
123,143
140,82
81,273
66,257
301,125
78,132
218,200
74,141
88,273
95,144
191,158
249,213
102,181
265,196
80,114
70,248
82,111
79,133
194,280
206,114
97,55
67,247
77,217
197,177
67,65
78,215
176,195
158,161
192,136
124,147
193,179
194,174
209,270
230,181
184,201
77,259
106,97
225,33
181,172
244,213
194,81
120,139
192,173
84,137
74,148
247,197
102,29
74,204
199,270
65,222
140,97
128,147
136,92
135,90
191,133
207,274
87,275
67,214
201,267
74,175
91,294
203,108
63,230
118,23
273,202
55,224
61,246
257,154
229,183
134,48
118,164
109,172
75,254
152,111
192,148
74,201
139,82
259,153
82,140
42,92
95,145
267,206
165,161
177,174
249,148
191,167
100,113
180,171
114,159
68,257
94,150
181,170
191,156
87,276
115,30
191,124
113,166
52,119
103,39
256,209
134,53
84,180
201,289
121,163
217,250
128,85
77,216
54,74
63,239
89,190
87,267
78,264
113,47
71,150
87,281
42,68
222,231
75,144
254,185
171,150
71,249
75,258
191,143
196,277
108,103
152,141
225,200
215,203
91,91
70,79
131,87
207,276
244,168
193,117
84,279
157,143
109,170
157,131
89,178
79,121
79,268
193,180
246,167
184,173
79,192
177,195
60,214
89,127
258,193
55,231
85,161
98,36
269,204
174,171
130,69
183,173
266,188
137,111
80,90
85,180
208,272
92,144
55,222
77,150
265,188
249,212
114,95
223,133
263,198
191,171
190,160
108,101
74,219
74,211
124,268
262,200
105,122
153,146
143,158
198,271
127,168
81,263
75,218
199,272
79,88
272,201
131,94
88,270
65,225
163,172
118,165
197,179
56,98
105,125
59,218
62,216
207,248
92,132
270,191
88,271
89,269
116,132
53,120
98,131
190,127
303,155
69,221
213,223
191,175
261,207
241,211
108,29
97,127
113,164
261,168
130,163
211,264
105,65
66,161
93,161
76,269
152,199
214,212
60,244
109,171
215,216
192,163
150,154
192,130
141,106
195,280
94,148
200,267
91,152
133,148
206,311
80,278
259,194
209,269
111,146
54,228
56,231
189,154
104,297
246,211
93,62
113,27
190,162
140,55
127,176
189,146
203,287
188,208
213,261
312,123
103,126
129,143
66,252
250,164
135,91
46,83
268,195
239,208
247,212
91,149
234,176
240,175
257,189
59,140
191,125
191,160
269,159
142,299
182,170
75,197
193,170
128,99
112,298
139,301
83,260
57,223
95,163
153,141
194,173
76,264
222,243
77,143
106,124
221,244
214,239
131,148
110,171
205,283
65,219
119,160
112,113
45,90
270,204
262,185
190,166
78,146
118,39
155,114
192,120
97,129
87,73
263,178
43,68
75,211
268,207
137,66
67,223
191,168
74,196
78,130
71,258
185,203
242,168
65,207
192,157
242,213
107,96
62,250
79,191
168,171
264,209
68,248
90,173
79,215
196,123
192,110
218,225
192,175
79,271
82,268
43,90
81,112
69,261
133,157
244,167
192,127
47,88
242,210
64,228
229,211
49,120
260,192
263,176
86,278
271,204
78,183
215,257
181,106
303,122
145,72
74,269
86,152
210,268
266,207
70,247
79,272
110,297
83,265
202,287
274,202
257,209
197,275
200,268
164,154
190,151
140,115
189,136
109,14
190,150
66,240
268,206
189,105
167,156
216,255
139,86
189,151
113,271
82,260
134,49
81,270
206,252
191,159
207,249
188,175
202,262
269,207
215,204
89,183
77,266
273,201
266,157
76,260
168,129
233,212
47,111
194,278
166,197
42,66
67,244
186,175
263,210
190,159
189,142
81,123
89,205
156,153
87,273
191,129
76,272
206,254
73,156
135,69
105,43
137,109
96,205
255,151
250,148
86,182
152,101
212,263
93,141
110,189
80,266
46,118
121,24
190,175
77,263
76,207
193,176
210,267
78,273
59,77
148,124
144,97
103,42
75,174
137,174
262,189
77,273
71,195
251,171
77,192
189,133
192,160
158,113
204,260
189,177
173,171
166,152
191,144
140,56
205,100
74,156
223,242
214,258
166,151
69,149
185,80
65,231
106,118
152,200
259,193
250,210
194,88
85,279
205,281
192,125
147,107
178,163
82,265
191,153
191,155
102,123
185,136
80,108
205,286
97,132
264,208
265,190
192,167
266,197
227,198
48,119
220,246
88,194
189,147
107,168
78,262
187,175
75,257
195,104
195,107
70,148
96,22
139,121
146,93
76,216
115,152
68,78
213,215
67,218
64,235
189,155
81,212
132,297
99,158
213,208
88,266
144,82
111,116
192,178
81,119
82,272
191,157
114,126
259,181
219,226
224,238
263,209
226,190
90,153
214,263
201,266
253,210
94,146
90,67
88,136
85,199
160,172
218,250
62,224
100,89
206,260
78,275
56,221
66,221
154,132
168,155
199,269
68,244
96,24
61,212
230,197
207,254
263,173
74,218
168,172
271,202
201,105
194,175
189,150
102,40
76,197
189,141
68,63
104,15
215,255
266,183
86,262
87,265
164,152
135,125
206,282
271,184
51,76
68,222
201,155
118,28
134,115
63,71
73,261
69,212
191,173
79,193
116,165
161,143
304,156
83,279
214,215
112,20
229,202
68,214
226,205
135,124
255,199
127,146
80,213
118,149
247,198
220,245
117,21
207,275
206,280
43,71
112,18
194,286
191,146
189,131
222,197
185,174
216,254
79,123
71,213
192,98
253,194
167,148
90,160
65,248
262,191
171,157
156,135
96,164
79,276
77,272
65,256
170,155
82,262
223,232
225,194
119,39
268,158
195,177
216,223
271,203
192,108
173,149
66,250
53,76
191,113
101,61
83,199
214,262
76,155
117,151
92,64
261,198
119,20
192,122
84,84
229,184
109,103
57,220
65,229
145,80
89,272
91,61
152,112
219,247
66,212
264,207
153,199
88,65
103,297
103,122
73,219
103,99
120,138
91,67
109,294
193,171
302,156
88,268
193,167
204,285
88,140
90,161
191,137
211,265
141,74
145,87
123,167
103,62
98,132
107,12
130,300
97,142
111,117
219,202
257,153
241,214
67,200
91,155
64,222
191,135
185,202
70,255
101,188
201,265
176,148
73,136
88,267
87,132
75,255
218,251
202,263
108,164
83,95
62,246
64,234
90,92
109,119
223,195
75,264
135,95
64,255
189,132
86,93
166,149
244,203
270,206
58,136
79,189
310,123
221,34
203,102
191,165
204,263
72,199
192,121
72,157
80,110
135,47
78,129
116,28
66,204
207,250
252,194
262,211
116,146
156,132
103,118
65,255
154,167
88,272
163,144
156,121
65,226
77,265
47,114
192,190
189,130
106,39
59,241
194,281
168,130
85,268
138,156
77,255
141,81
198,276
111,98
265,189
218,252
153,138
121,21
43,102
147,108
85,209
191,141
205,256
261,192
196,275
261,170
268,208
251,212
190,163
76,217
192,164
191,152
141,116
195,176
92,145
193,114
76,156
79,277
271,205
206,241
85,196
65,224
101,293
189,153
175,140
87,130
126,142
213,205
65,258
235,211
48,69
56,232
231,180
93,155
75,256
61,243
80,87
65,254
191,130
264,210
266,187
260,193
117,298
98,294
195,276
83,263
144,162
206,278
178,195
94,141
110,178
110,172
60,217
74,198
198,273
152,301
82,212
108,30
109,113
95,88
204,258
200,269
87,263
222,241
260,209
189,152
81,266
118,38
63,233
113,173
88,270
113,161
263,177
133,94
121,27
269,206
64,226
205,257
266,199
189,156
214,217
260,211
84,209
134,87
252,201
87,276
75,270
100,125
184,162
65,257
88,274
215,217
214,259
124,146
107,186
141,91
112,294
109,169
250,150
219,228
129,297
64,253
135,126
225,201
182,199
260,153
109,149
191,148
256,151
205,258
242,157
186,174
69,203
159,172
76,271
140,183
101,19
206,277
216,222
80,262
206,239
213,262
98,136
66,224
90,66
75,156
81,94
213,211
47,101
153,302
100,28
112,99
140,110
72,212
89,268
177,148
195,277
274,200
243,198
213,207
77,195
150,115
194,282
83,281
191,147
102,122
151,158
204,286
192,159
202,267
186,167
177,177
189,135
92,207
205,279
250,211
130,297
134,166
115,104
103,127
83,275
143,103
88,70
137,69
88,271
57,218
87,271
167,154
101,93
196,180
98,82
189,157
42,72
85,278
112,176
203,259
56,230
56,121
75,217
196,179
176,147
117,166
76,258
119,141
142,84
144,70
267,188
75,262
187,206
71,220
251,195
151,141
192,117
92,159
67,225
208,271
146,199
63,250
119,22
254,209
111,171
201,268
219,249
79,262
83,211
192,179
80,141
140,199
268,190
47,87
99,31
133,43
86,277
205,280
107,30
192,162
215,256
127,173
266,190
191,172
197,274
78,149
133,299
167,153
60,218
70,222
255,209
144,81
193,169
193,136
66,241
62,221
174,195
114,12
117,17
88,265
93,64
189,176
259,174
206,279
191,127
102,296
75,271
128,174
130,157
175,165
190,177
81,269
196,104
148,116
264,180
88,281
262,171
66,247
191,161
110,30
223,241
88,269
156,142
265,208
189,145
207,252
261,177
74,256
177,170
82,267
190,137
116,104
94,147
131,95
258,199
158,122
74,268
88,273
75,170
200,266
137,53
89,139
216,220
90,271
196,274
109,13
191,171
252,195
197,273
150,173
78,150
193,112
95,128
263,206
202,291
213,263
86,272
193,81
195,178
227,205
87,277
76,259
246,214
188,174
99,127
191,178
89,270
143,159
85,162
108,117
151,95
158,112
67,241
191,169
139,159
94,157
133,46
171,171
64,227
256,201
116,167
93,61
64,225
252,171
118,154
67,223
194,181
208,272
117,139
264,197
104,293
80,269
62,248
79,119
192,116
46,98
99,136
72,203
143,199
240,177
94,152
194,279
261,199
190,168
217,252
202,286
194,180
97,32
242,170
116,34
233,203
71,203
216,318
223,192
187,250
170,164
264,191
79,188
224,206
268,204
93,151
266,189
110,173
134,157
202,242
111,112
84,94
203,263
77,262
140,98
224,34
100,135
190,149
252,210
109,165
90,159
193,172
124,121
272,202
48,112
113,150
261,191
252,199
268,193
94,149
209,268
245,196
97,162
81,213
98,63
144,96
207,260
177,194
215,258
189,158
156,133
203,261
62,210
137,147
84,139
257,210
97,201
191,128
268,205
197,104
266,196
202,261
90,157
197,174
233,177
90,127
105,100
90,151
145,92
146,91
229,197
87,142
269,205
262,210
217,253
193,115
68,62
225,196
127,43
78,264
263,192
63,231
116,295
190,126
176,195
193,77
263,185
266,185
190,119
235,212
248,197
65,294
230,202
91,145
75,260
234,197
165,171
194,284
64,70
118,174
125,149
84,75
98,110
266,186
80,263
60,242
123,147
80,131
270,205
127,172
69,68
80,84
192,118
156,128
184,173
224,231
144,200
259,182
164,141
113,168
266,184
191,115
190,148
272,203
202,268
244,195
262,207
54,226
251,213
245,213
243,168
267,189
203,286
132,163
258,171
159,149
138,80
175,147
111,174
45,89
184,174
213,260
54,229
206,238
267,187
126,153
226,189
97,110
106,155
192,137
109,296
105,66
154,123
97,56
135,143
61,223
163,154
251,187
191,118
214,261
68,61
73,267
267,159
129,96
128,83
95,129
76,263
73,148
190,164
193,170
77,194
81,262
173,150
262,192
193,79
62,244
130,66
78,151
84,82
82,77
64,104
226,201
208,119
79,275
207,251
261,212
80,264
68,65
190,117
62,215
246,165
193,180
84,262
75,257
186,175
95,87
207,273
75,253
46,99
60,226
80,265
242,175
194,169
80,272
99,128
218,249
192,161
101,131
65,210
88,133
117,171
191,126
183,171
69,222
111,83
123,150
63,230
77,148
58,138
268,180
110,155
84,131
72,201
81,141
55,225
191,170
263,194
201,288
61,224
75,199
193,173
156,139
274,201
86,207
86,153
60,222
192,165
160,150
176,171
87,172
232,179
189,94
97,133
258,151
175,161
178,171
87,274
140,88
177,171
198,271
104,37
264,206
243,214
190,146
261,209
194,174
191,142
84,277
140,71
45,76
84,276
104,40
198,272
209,270
263,208
56,219
189,159
90,186
128,202
79,117
224,190
209,269
251,166
200,187
102,13
170,126
263,188
192,129
215,202
194,176
156,131
202,98
104,125
124,46
187,81
115,31
81,271
135,91
83,76
72,265
75,265
83,267
114,134
181,173
115,298
246,212
214,208
65,247
77,216
189,163
251,196
172,172
130,174
233,199
138,142
270,189
254,212
81,121
138,65
97,203
193,163
131,142
186,95
268,191
117,156
196,178
163,145
186,104
243,213
98,202
120,25
62,211
74,264
208,250
84,274
191,158
72,219
79,124
86,208
249,157
112,166
143,114
71,151
107,163
273,202
86,279
112,44
65,205
185,204
93,142
76,265
71,146
69,221
123,174
109,297
211,244
118,171
97,26
87,275
264,176
193,104
69,245
80,277
99,23
108,159
111,297
104,298
175,146
110,174
123,166
206,242
67,198
82,279
92,63
216,154
80,276
258,175
190,165
259,185
196,276
51,121
138,150
217,251
300,158
58,239
193,110
205,111
115,29
215,219
172,171
87,136
114,158
259,196
204,238
72,251
111,115
90,68
183,200
264,183
93,169
252,215
88,275
116,29
158,172
219,198
204,287
257,197
115,16
111,175
267,185
96,206
222,230
258,165
94,89
112,114
255,213
130,124
58,219
75,264
192,133
176,151
184,202
95,136
204,259
113,163
75,258
201,264
201,287
62,214
244,146
73,218
139,59
111,156
88,272
91,146
45,98
192,115
87,268
216,199
265,192
234,209
263,172
154,173
54,104
167,150
82,270
183,173
273,203
182,198
139,93
192,86
89,128
187,175
96,33
96,294
265,199
74,199
265,210
203,260
59,227
216,201
87,273
191,114
74,218
192,154
95,85
207,253
72,264
195,177
114,156
225,32
105,39
93,130
71,202
182,173
301,159
86,74
261,211
86,276
223,193
91,150
232,177
119,298
216,221
186,172
201,292
214,214
83,268
231,206
96,29
206,276
156,134
251,215
262,198
124,47
191,156
194,282
170,196
300,157
142,80
260,182
98,26
190,167
66,208
79,116
193,174
227,189
110,40
191,138
107,16
60,246
109,164
264,179
207,274
175,195
80,130
265,191
59,219
191,151
220,227
267,200
100,133
261,176
207,247
94,90
189,133
76,219
210,267
171,151
172,153
88,271
225,35
253,150
172,121
267,158
207,115
80,128
87,266
300,136
207,239
81,196
54,224
67,222
266,188
146,113
59,218
204,270
192,103
212,262
109,104
195,275
166,196
189,104
139,73
88,270
232,201
186,203
92,91
248,211
86,130
102,190
180,151
109,33
129,95
194,285
93,148
149,159
89,64
64,226
101,52
75,187
92,59
218,227
226,32
214,213
82,138
63,234
195,282
74,254
86,72
189,138
87,208
266,182
84,182
206,278
233,197
142,74
299,155
116,174
117,90
168,150
88,65
89,185
224,195
142,123
228,205
78,128
242,173
119,29
92,160
233,176
205,282
75,218
265,209
189,148
87,276
109,115
71,250
74,265
268,192
204,257
189,128
168,154
89,62
301,157
127,132
155,173
136,93
111,40
54,223
75,148
207,245
130,301
164,172
137,301
88,266
182,172
265,196
191,143
152,109
66,258
205,259
213,209
137,99
130,94
190,138
191,154
251,170
213,206
190,120
242,208
90,59
214,258
222,195
61,222
190,145
259,200
268,157
82,211
74,269
156,112
110,28
191,133
79,85
62,249
120,19
240,213
183,164
81,115
146,123
253,202
76,267
73,213
263,189
192,166
254,210
91,138
81,117
88,181
222,234
75,254
191,111
140,90
245,158
157,163
205,112
238,209
264,188
120,35
109,147
54,231
207,275
88,268
245,197
53,119
259,211
197,272
115,116
61,216
175,171
93,154
83,137
93,58
151,99
160,156
172,150
88,267
99,113
66,103
205,285
187,173
73,266
142,85
75,136
265,193
98,138
83,210
100,94
83,193
224,240
258,172
208,273
207,281
68,222
224,33
95,146
180,170
130,44
206,253
60,223
135,102
202,286
271,204
131,297
132,149
192,163
205,109
108,115
194,278
191,134
270,202
249,211
77,261
78,274
197,89
100,294
172,149
193,159
68,187
84,210
247,204
202,287
222,200
191,176
114,17
45,113
108,14
301,161
60,213
236,212
197,105
106,117
87,280
139,82
106,120
207,114
263,186
63,208
96,135
74,202
225,33
105,28
148,173
131,81
114,97
98,85
187,104
194,110
91,65
276,262
77,265
53,90
190,178
173,146
111,183
98,137
93,132
66,223
86,73
159,154
190,136
189,129
52,132
268,196
205,284
202,264
79,89
136,123
172,147
228,185
194,283
266,208
79,190
139,77
212,263
260,181
50,131
153,155
244,212
191,149
79,128
108,39
208,245
71,145
189,174
195,278
79,129
149,85
65,253
93,160
211,266
65,213
201,227
89,269
191,171
266,187
63,252
181,102
232,197
205,270
190,140
51,128
96,136
82,187
94,153
84,265
90,135
101,128
158,173
112,112
208,240
63,232
52,77
188,176
75,255
96,143
78,215
62,223
116,105
61,211
88,269
267,207
191,155
268,188
90,67
214,260
151,155
228,195
73,265
193,287
189,143
145,96
63,229
191,157
189,164
62,242
132,94
248,210
104,168
136,144
59,139
139,54
81,265
303,156
103,293
117,160
54,225
73,251
92,90
70,221
82,189
218,250
134,163
81,260
75,171
124,299
220,198
113,172
267,209
70,220
194,277
209,271
191,129
189,155
207,277
64,229
74,219
191,136
66,239
75,93
125,165
105,46
224,196
184,80
46,78
195,181
246,146
79,214
191,123
91,147
76,195
204,239
247,171
80,267
175,170
87,267
80,107
147,88
83,260
272,185
85,208
142,125
194,280
89,69
250,195
89,137
76,259
193,168
195,179
165,163
78,189
133,167
72,259
227,199
98,159
71,209
195,122
180,172
105,30
192,180
80,126
272,200
82,76
79,266
64,231
190,104
171,169
84,85
225,34
273,199
87,72
224,192
172,151
88,71
74,255
50,120
122,101
79,142
17,71
104,65
98,205
260,207
81,186
266,192
191,131
90,140
141,68
132,84
263,211
190,152
130,176
217,198
265,190
248,212
128,151
207,246
217,223
247,211
258,176
179,171
93,63
210,266
227,196
224,233
229,208
141,153
90,269
263,196
202,96
248,213
181,172
68,173
78,190
112,28
156,173
71,206
230,182
221,229
63,228
243,211
259,154
203,99
213,261
97,200
117,137
82,271
189,153
212,264
257,199
151,85
194,175
111,30
225,195
86,277
62,159
149,125
205,279
76,193
108,114
207,117
108,155
195,281
80,189
64,221
214,310
55,221
87,176
235,198
163,197
140,119
192,168
122,144
102,39
133,143
190,154
205,280
88,142
223,32
99,135
82,274
200,272
173,195
225,235
103,13
207,248
124,79
232,212
249,158
183,101
252,208
84,77
202,293
107,102
88,273
163,166
189,156
136,166
194,89
117,19
192,179
137,114
267,208
78,262
266,189
193,83
294,137
76,144
58,216
94,88
113,13
261,171
191,173
226,209
177,150
221,247
82,131
85,131
96,207
193,171
172,145
147,106
191,132
84,279
126,82
54,230
259,176
42,100
87,129
187,94
263,207
72,152
200,287
156,130
116,151
64,252
143,83
192,164
146,95
208,270
79,207
268,186
47,79
79,267
157,124
205,237
261,193
177,183
210,268
190,144
273,201
75,263
190,153
99,134
112,297
191,145
125,134
111,294
97,27
85,278
100,43
189,134
87,275
79,264
69,70
184,171
63,251
206,257
185,174
263,156
146,83
205,281
58,222
271,203
217,224
206,283
136,73
200,267
215,256
211,264
69,206
191,135
197,180
119,33
66,200
232,206
80,129
208,271
191,177
64,232
196,275
68,244
215,253
116,84
190,170
76,217
166,152
76,261
261,210
78,139
190,162
112,159
138,55
190,125
194,276
89,271
189,149
213,212
64,207
192,124
159,131
186,206
56,221
70,198
244,197
90,154
199,270
258,209
79,87
112,175
110,108
56,225
65,225
207,276
206,277
64,213
79,130
135,52
196,282
133,71
252,170
63,222
87,274
141,112
176,149
157,164
57,75
218,247
192,122
264,181
191,150
79,263
112,41
109,35
200,244
76,262
213,243
190,175
198,270
54,131
67,257
139,87
262,191
247,167
44,73
102,17
73,219
258,173
76,194
193,288
226,199
66,248
192,167
126,150
123,142
119,26
151,97
250,167
256,202
225,190
246,210
195,276
81,187
90,155
190,122
79,216
103,177
82,268
203,264
103,178
97,294
191,159
80,214
261,172
95,86
59,225
187,147
187,207
264,193
132,165
88,270
62,169
272,204
216,202
244,213
114,27
205,283
88,204
70,249
187,311
249,164
194,181
167,147
258,177
223,33
78,263
160,149
157,140
192,121
191,178
116,16
192,119
207,243
115,16
152,111
98,129
189,177
204,285
244,214
77,192
82,133
250,196
128,43
49,83
128,98
80,89
179,122
234,206
66,213
98,86
87,67
190,163
69,246
191,179
65,257
143,118
201,94
75,256
185,172
191,160
121,60
110,29
135,113
76,184
134,174
142,105
229,185
170,157
264,196
168,147
125,44
86,99
152,173
190,161
153,147
190,166
167,172
118,210
17,89
72,143
98,27
89,267
201,93
211,265
90,152
165,151
101,101
269,179
261,192
87,272
64,219
48,101
63,213
205,109
192,165
113,21
107,33
93,270
100,93
87,68
175,271
228,186
65,236
74,147
191,122
77,155
69,221
164,145
195,279
272,186
43,67
213,214
252,206
64,225
235,213
88,274
263,187
111,149
76,254
112,101
93,192
94,139
79,270
67,213
80,261
47,87
193,179
199,268
199,269
223,231
193,172
80,213
109,170
134,154
242,145
71,166
72,220
243,212
193,180
77,174
216,254
76,263
131,200
67,222
192,175
210,265
135,72
118,16
145,69
190,191
56,126
209,117
146,81
93,158
194,279
61,225
149,138
218,199
109,105
161,172
149,115
105,33
193,181
118,156
111,29
71,220
108,18
86,278
112,295
91,148
203,285
113,255
219,227
107,17
144,113
107,101
228,188
84,83
245,202
86,135
85,262
68,252
262,181
191,112
80,266
266,190
276,165
241,175
270,159
91,92
67,202
131,42
224,191
265,205
116,14
261,189
53,226
77,141
222,34
104,173
65,258
194,281
268,187
57,232
97,205
76,260
224,194
57,223
62,72
93,156
192,174
206,240
240,197
77,153
196,180
88,268
191,172
63,214
231,200
257,193
152,158
83,266
232,176
214,259
189,160
149,160
192,85
164,163
256,150
141,70
102,27
58,137
188,174
114,294
112,296
128,150
65,239
220,228
135,92
182,146
69,208
266,191
242,211
206,276
214,255
215,220
64,254
221,230
80,273
109,63
78,257
209,269
173,115
227,195
126,167
145,94
81,135
112,165
69,255
269,206
91,64
81,272
190,147
74,254
193,286
92,143
265,197
184,173
112,111
60,245
54,227
57,70
99,42
183,199
125,174
131,101
236,208
87,270
242,212
128,99
135,70
132,45
152,150
68,213
201,288
218,224
60,225
177,169
237,168
160,198
193,120
164,124
109,95
206,281
168,156
234,201
47,118
199,271
189,139
76,154
79,144
111,169
93,141
67,248
268,206
226,196
111,42
259,175
79,84
90,128
102,133
129,100
132,167
76,257
109,12
72,81
113,160
249,162
190,118
93,152
252,205
266,209
54,123
218,249
197,88
73,221
130,120
269,207
75,267
144,172
217,252
110,17
106,35
204,108
199,274
155,128
234,212
105,119
76,268
273,202
127,131
212,239
236,197
192,120
197,281
242,176
126,135
78,88
207,242
191,141
188,154
75,259
110,169
179,172
128,100
267,188
242,171
87,69
222,242
214,257
186,205
162,163
83,133
85,277
215,255
191,158
191,156
74,173
155,131
123,170
200,105
98,30
83,209
165,170
260,192
271,195
181,170
72,249
219,248
190,177
256,178
67,223
77,273
82,185
197,273
134,93
193,289
74,141
188,149
111,182
74,268
127,44
194,219
73,142
88,138
95,57
89,68
79,274
190,139
108,11
190,96
218,129
193,160
68,221
55,224
105,37
268,189
269,205
80,278
207,274
72,266
167,171
235,197
151,201
145,114
74,218
207,250
194,177
100,39
204,100
108,28
77,197
77,274
120,48
139,91
233,198
79,276
80,123
251,211
60,173
233,175
271,159
100,124
106,92
260,193
194,218
88,271
192,131
178,172
75,155
66,63
194,176
106,12
72,219
192,91
131,143
67,63
251,206
60,217
215,203
145,198
109,113
231,183
144,110
65,224
101,115
88,267
205,255
57,224
44,103
77,264
102,294
82,260
201,263
262,190
192,191
196,274
97,140
83,273
132,166
143,117
95,88
215,254
89,93
101,133
81,134
66,249
197,274
192,166
251,210
192,123
301,135
140,77
163,169
0,45
267,197
136,63
128,160
65,256
77,216
136,174
211,152
80,262
79,275
195,178
246,172
74,270
182,170
47,113
262,175
218,226
66,203
190,124
65,259
205,236
139,81
117,26
267,186
78,192
269,161
200,268
125,147
252,212
23,85
75,158
270,206
200,266
218,225
199,267
199,106
198,280
268,207
259,221
222,231
66,209
190,121
101,114
226,197
82,190
256,194
208,149
302,162
244,170
202,288
47,100
73,206
69,78
264,178
130,156
209,268
72,224
192,289
152,154
140,57
194,162
301,136
168,146
78,87
180,196
88,269
219,247
69,157
93,62
176,153
209,120
96,293
96,134
213,213
186,162
75,196
141,80
138,86
188,177
56,224
64,248
138,159
190,167
74,257
137,144
70,149
87,273
232,180
66,202
189,157
190,164
191,139
205,256
95,145
182,155
190,143
264,192
81,137
226,202
74,152
56,127
50,125
86,276
88,272
126,86
75,258
272,203
202,286
254,214
101,13
205,278
141,78
71,81
193,111
87,262
205,254
68,208
156,125
84,194
74,256
66,219
67,199
132,131
189,175
85,278
256,195
216,256
102,16
248,196
140,200
211,267
74,195
77,217
64,233
190,168
191,153
71,222
156,135
136,106
131,83
268,185
79,115
113,270
66,199
103,128
63,219
240,212
50,75
197,252
75,163
272,160
110,45
144,174
271,201
86,147
215,319
175,169
45,110
202,262
115,173
80,124
195,129
66,224
74,253
193,108
162,150
251,205
265,191
216,252
224,199
63,220
70,220
190,169
156,152
74,255
68,222
201,265
75,252
72,196
246,206
174,169
64,256
264,205
44,97
80,86
75,270
191,140
238,196
124,137
109,39
256,200
47,112
154,141
66,223
66,259
79,90
207,272
266,200
48,71
188,176
70,200
137,200
85,89
73,189
112,158
59,217
68,255
121,137
140,65
109,112
238,145
172,196
247,166
137,77
79,104
230,177
50,110
257,198
166,172
135,149
87,107
60,244
120,29
150,81
186,174
214,201
95,63
91,133
60,243
75,139
57,220
87,144
205,280
128,81
245,146
81,79
63,209
151,140
175,148
77,191
147,77
87,274
76,142
238,213
81,114
115,105
192,117
159,198
252,174
61,215
74,269
203,98
177,171
264,183
0,46
188,153
233,173
70,150
228,196
212,263
244,198
119,140
65,237
113,204
190,116
63,230
193,116
111,176
204,284
189,159
191,125
58,81
81,212
140,120
88,186
68,250
142,69
142,89
229,196
107,97
136,50
76,92
88,276
183,150
79,191
246,174
245,213
270,204
261,206
192,170
77,196
87,265
189,96
143,68
189,127
262,199
183,173
58,240
99,88
97,126
87,266
193,113
130,177
115,111
107,28
136,140
163,170
85,209
135,50
102,117
191,161
72,264
119,105
184,172
0,45
194,283
223,194
1,46
219,200
215,257
235,210
141,86
106,119
80,203
157,137
111,35
174,146
82,273
189,158
139,88
76,264
221,197
189,178
72,265
101,29
214,216
75,257
54,228
213,260
103,120
82,267
190,151
182,173
201,289
191,174
80,139
207,275
108,40
85,74
66,257
193,175
82,266
124,174
117,158
256,212
205,279
84,86
156,129
64,249
206,112
98,293
261,153
147,125
219,128
228,137
80,271
69,256
259,209
191,128
131,199
206,114
130,161
117,167
0,47
90,136
100,26
66,256
270,205
84,263
84,269
82,197
249,210
80,267
255,202
96,141
213,216
88,149
83,132
135,144
259,173
228,197
205,261
166,150
190,165
192,158
205,284
190,141
116,33
274,202
212,262
56,223
108,152
271,205
61,224
192,162
74,259
69,247
117,172
264,210
199,222
79,114
108,12
104,29
90,160
273,198
106,30
48,76
223,199
201,95
92,151
224,234
81,268
109,296
69,211
219,226
44,64
92,64
102,121
82,280
222,232
193,173
197,272
246,213
256,214
174,147
271,204
79,277
130,148
241,145
88,187
262,202
79,122
160,123
141,159
263,210
249,200
198,274
93,61
244,172
72,144
172,148
97,25
227,200
112,154
186,201
139,76
191,171
81,175
166,151
223,233
249,213
246,164
82,184
119,27
67,245
192,116
195,275
304,160
234,144
191,142
146,174
79,271
46,103
107,103
247,212
73,98
206,275
228,184
307,136
96,32
163,172
262,172
85,177
94,161
127,138
87,271
90,134
198,180
189,144
131,94
98,77
182,138
128,153
209,270
75,264
79,265
244,199
198,271
159,144
123,78
214,205
193,278
75,217
192,167
91,129
83,86
86,177
103,24
135,96
252,172
194,284
67,222
135,103
76,202
204,258
97,204
65,158
149,157
89,177
123,169
208,244
305,157
193,279
71,80
94,138
167,184
74,140
231,181
216,253
90,66
76,137
46,69
76,145
191,157
66,254
264,184
150,111
71,256
93,159
75,269
192,178
115,27
73,268
84,78
95,87
79,121
43,66
0,48
190,152
49,88
263,155
61,75
98,130
135,91
79,103
134,153
178,94
206,278
220,243
139,298
85,204
0,45
207,273
270,160
69,248
122,145
100,293
88,270
110,173
186,173
93,162
221,244
123,144
78,133
108,91
223,198
134,149
81,211
123,172
262,176
100,146
144,89
46,114
89,147
214,258
194,282
190,142
192,169
85,279
102,19
106,17
191,164
195,179
86,277
59,215
102,144
80,105
87,276
116,170
139,162
259,194
90,156
191,124
211,264
193,174
207,244
212,212
69,217
128,97
139,119
206,239
90,132
194,277
208,272
78,216
68,245
112,46
101,18
62,180
221,201
208,269
67,243
61,212
2,46
143,88
196,181
66,240
266,210
130,143
145,89
122,146
204,256
61,245
105,297
92,90
63,229
189,177
273,162
157,132
181,167
197,276
196,273
268,208
144,86
84,132
78,215
78,150
101,17
109,30
59,224
122,164
93,161
129,53
203,260
201,266
238,150
112,117
175,153
218,250
187,176
78,276
47,87
119,295
66,64
142,118
118,19
274,162
88,266
250,211
211,161
64,253
206,253
195,280
100,19
174,171
190,150
203,262
216,221
65,220
97,85
121,165
194,278
243,166
57,219
203,286
130,117
80,83
44,99
210,266
148,107
51,127
74,194
101,32
86,131
50,88
227,202
71,219
213,259
129,43
93,157
155,129
82,269
99,293
181,172
192,180
96,142
119,153
79,262
94,170
90,130
64,211
84,131
64,247
194,286
150,159
84,278
85,130
79,118
193,280
138,85
203,106
125,169
90,158
230,196
53,92
246,196
106,186
139,154
83,265
231,182
0,46
75,156
189,125
151,142
64,255
74,255
191,144
182,171
206,277
204,107
69,63
108,186
112,167
216,222
200,291
234,213
119,28
189,140
192,104
191,116
51,109
198,104
67,219
110,170
299,157
90,146
117,28
201,290
139,82
191,130
190,119
193,115
267,207
210,267
194,178
60,72
231,196
113,35
73,265
139,184
74,264
104,46
140,64
104,68
88,63
258,213
105,45
83,129
79,273
203,265
93,90
262,155
190,120
73,263
178,171
92,206
82,265
186,175
119,17
136,105
138,113
215,126
267,157
262,192
192,176
208,118
200,279
207,116
165,172
65,214
122,44
246,197
167,177
252,210
166,149
147,161
69,221
191,126
252,173
235,196
196,105
87,273
72,148
126,201
53,94
122,161
202,117
223,193
87,275
121,31
90,69
114,283
254,213
188,144
194,109
193,171
276,164
105,44
266,189
190,133
87,70
225,204
145,71
139,84
56,220
189,132
187,172
267,187
189,161
84,209
122,173
142,126
184,201
275,204
125,171
140,74
97,78
264,204
192,161
198,284
191,127
207,146
202,263
86,266
269,207
95,294
89,158
114,297
108,17
190,135
75,195
70,206
106,29
206,279
116,112
169,155
202,287
141,117
151,173
111,88
191,129
188,81
90,131
89,182
170,145
195,285
117,157
212,261
265,185
243,197
87,272
150,139
190,149
199,278
190,208
189,141
188,250
188,164
78,86
98,27
192,160
192,165
208,271
103,172
116,150
230,183
61,223
69,150
126,173
217,226
211,265
46,117
145,70
265,208
189,162
136,98
189,126
200,267
189,124
249,194
127,173
63,231
107,158
125,172
86,146
275,164
86,265
128,152
223,197
63,226
228,204
101,14
79,214
119,171
60,71
58,218
66,197
116,297
264,189
217,251
73,267
192,114
213,211
64,225
109,153
192,128
195,277
86,275
45,73
225,191
95,143
90,149
199,279
65,250
165,130
144,98
101,113
132,72
253,210
172,156
241,198
75,200
80,187
197,271
189,130
189,154
198,272
190,146
76,174
83,172
63,227
90,150
89,160
107,42
87,134
191,173
117,154
185,170
185,168
49,105
263,154
70,248
104,28
116,156
196,286
138,161
191,160
258,172
124,65
107,12
189,193
88,265
98,23
155,172
163,160
104,11
219,229
176,171
207,241
263,189
78,144
173,169
230,212
129,300
63,223
131,86
144,94
214,217
130,85
151,141
151,84
140,116
49,87
87,264
227,187
164,153
192,179
194,285
114,29
200,284
102,162
130,83
74,144
134,68
194,108
156,198
179,170
190,154
192,118
108,101
218,254
76,216
229,180
185,175
259,172
123,146
94,87
72,198
89,63
252,211
270,203
94,148
220,229
187,151
53,224
190,123
80,270
93,88
96,97
186,204
61,179
260,208
48,88
137,180
266,186
140,56
214,204
151,90
218,127
221,196
68,210
263,207
230,203
195,91
102,38
75,209
78,89
69,216
121,174
147,91
222,195
133,88
137,199
208,270
60,216
110,174
193,284
55,230
49,127
75,253
111,155
266,188
188,305
68,221
149,86
121,133
125,81
178,195
171,152
193,181
88,64
76,265
73,218
194,177
80,202
85,98
128,148
184,203
90,161
105,110
65,257
67,250
47,119
265,184
68,220
45,98
94,127
87,269
215,221
193,170
190,134
136,66
260,213
135,124
206,276
144,93
97,105
99,25
262,184
99,27
254,189
72,211
207,249
261,207
50,76
259,180
104,38
273,203
226,188
193,112
144,114
166,148
192,164
64,171
88,190
268,195
128,181
201,274
114,32
119,39
100,132
181,197
192,125
131,132
99,55
91,172
90,157
188,151
193,277
247,213
139,95
203,261
196,180
201,264
137,158
97,139
149,80
54,222
65,215
95,85
214,257
213,257
260,196
158,142
216,255
216,201
121,132
93,163
222,194
129,80
153,137
99,294
131,174
191,121
231,212
262,173
168,155
75,138
74,218
75,172
194,280
64,235
101,102
79,213
145,93
193,283
213,210
191,96
269,182
126,96
263,197
190,153
258,200
146,94
198,275
58,219
66,248
194,80
268,203
137,123
55,221
60,223
72,219
89,199
104,61
218,226
207,247
94,158
99,180
67,201
88,127
134,301
68,243
77,262
187,175
156,137
253,212
245,211
215,255
188,148
267,189
103,101
191,159
51,108
200,270
83,280
97,29
209,232
120,172
106,63
167,149
92,131
218,249
192,119
50,89
200,292
190,166
259,192
193,114
266,198
93,155
249,195
110,158
96,204
96,89
162,144
182,199
80,266
189,165
142,77
85,276
172,157
223,232
160,145
63,228
195,276
110,141
269,187
87,267
259,193
155,112
225,236
150,138
190,170
223,195
229,184
214,219
64,254
82,211
134,82
96,120
189,155
190,148
55,222
143,87
184,174
132,101
129,97
88,268
190,105
104,296
43,72
194,276
153,136
80,260
136,75
273,200
227,137
115,102
264,198
76,264
189,133
88,94
191,172
270,207
203,285
81,274
268,194
191,179
86,276
146,78
214,218
74,254
62,220
190,178
191,178
190,137
88,129
170,153
93,66
101,186
97,138
221,231
111,172
68,246
64,212
225,151
266,190
203,289
61,222
112,186
252,148
78,268
77,216
74,263
205,279
192,153
88,201
157,134
104,50
191,162
194,171
86,274
78,134
263,188
164,162
93,89
263,177
217,154
136,52
81,126
249,147
139,120
219,223
162,172
196,274
191,152
45,91
70,147
75,263
137,63
85,277
262,154
124,43
207,103
189,163
194,181
250,213
262,207
267,195
108,188
80,272
247,171
140,83
50,121
247,168
265,190
311,126
117,15
74,256
129,151
193,176
191,175
86,69
125,297
225,234
84,91
193,164
44,74
1,43
190,169
191,146
111,26
271,189
197,92
80,213
191,143
95,144
150,83
203,259
139,92
162,164
138,52
151,143
108,299
58,217
200,265
77,260
108,82
123,165
68,204
195,177
303,126
122,98
157,198
153,171
116,152
188,188
108,44
98,87
117,159
47,86
137,153
205,282
66,223
196,114
62,214
63,232
202,286
190,132
167,154
245,201
100,88
62,249
72,260
106,293
87,175
87,271
201,288
95,172
150,107
91,59
305,136
158,119
113,105
178,194
183,135
109,173
91,91
88,182
75,145
137,88
83,79
221,192
272,183
60,222
257,195
131,147
107,95
79,267
188,138
177,191
215,256
109,109
77,195
135,101
221,243
206,103
155,130
146,152
190,140
106,99
144,112
134,158
185,203
71,264
55,70
125,152
201,106
125,80
224,136
206,275
202,106
195,284
194,281
91,65
195,180
195,178
184,151
208,239
47,108
74,257
83,211
140,301
129,148
269,208
214,126
189,150
208,147
93,127
237,213
189,146
97,145
103,195
78,273
150,157
179,95
225,235
109,40
87,141
72,78
65,212
47,110
207,251
165,168
93,194
74,94
213,205
103,29
249,211
180,172
191,154
75,266
78,275
88,271
269,206
153,303
141,85
261,193
192,109
188,152
193,172
187,251
177,172
213,207
234,203
150,82
198,270
65,224
212,207
92,61
88,66
250,212
156,124
110,140
100,24
81,118
87,268
144,87
213,261
77,150
205,281
194,111
71,249
95,88
74,253
87,270
145,117
255,210
120,135
219,130
231,203
143,93
113,74
172,109
115,34
76,262
255,211
173,196
274,203
193,180
129,105
53,225
104,32
176,152
230,197
157,161
175,98
135,105
56,218
102,51
158,150
134,155
65,238
87,274
268,188
81,113
145,102
204,257
152,104
45,90
81,131
64,257
133,149
192,115
81,269
66,65
145,92
74,255
45,125
65,221
75,271
191,133
195,286
106,122
139,71
82,279
137,104
85,278
111,116
194,116
85,75
65,211
79,83
171,155
117,297
124,45
134,49
114,13
78,131
67,239
154,135
92,144
269,191
129,85
271,192
64,236
53,227
79,102
191,147
157,141
193,133
190,168
206,241
263,190
193,173
65,209
141,82
112,112
197,123
212,265
115,16
62,209
85,133
79,145
233,210
222,197
152,135
204,285
100,42
71,144
133,92
73,82
82,268
141,90
87,273
169,191
209,246
206,251
135,90
102,129
80,274
95,127
263,203
174,160
73,141
272,204
95,86
213,212
192,76
192,166
119,169
54,76
194,176
87,178
230,184
88,184
81,132
71,146
99,40
45,65
108,115
105,117
97,132
121,33
94,88
266,187
77,190
205,238
45,123
100,98
86,267
68,249
92,60
273,204
207,248
183,171
98,207
267,190
70,220
231,180
129,147
227,208
113,161
120,298
88,179
94,140
224,34
86,133
264,192
235,146
74,217
104,98
246,201
96,208
190,155
78,266
93,143
185,174
143,114
117,109
145,86
195,88
142,88
246,211
224,233
192,169
50,107
133,84
80,100
209,268
103,127
191,163
188,150
205,286
188,153
54,229
88,176
79,278
176,157
261,178
79,151
251,200
1,47
117,161
206,253
79,271
111,14
194,173
78,149
267,208
207,274
64,217
108,114
90,92
70,210
205,280
205,113
88,269
69,246
262,180
75,140
81,270
75,260
198,269
55,105
192,170
263,198
213,262
61,246
213,206
208,242
246,162
44,96
80,101
220,197
181,173
154,171
155,155
72,202
54,223
268,198
256,215
220,246
188,154
136,72
262,174
90,146
171,158
90,187
205,111
109,171
171,171
165,176
114,160
197,273
232,209
91,208
138,86
81,212
191,132
132,91
205,278
112,95
48,121
107,34
94,164
99,39
122,138
155,136
129,162
151,106
120,112
123,120
166,153
55,223
217,225
205,283
260,182
146,92
65,258
89,159
145,115
131,148
91,190
227,199
122,86
103,65
179,132
111,114
156,136
111,175
97,293
182,98
79,125
78,153
107,62
209,269
107,116
80,104
220,245
126,134
250,176
75,217
136,90
128,84
129,158
92,162
266,191
267,193
270,187
75,257
200,289
190,171
111,145
82,212
273,202
312,121
264,182
160,155
47,90
190,167
211,263
265,191
61,216
122,174
84,276
68,223
118,159
90,159
68,256
59,218
124,42
79,139
233,196
265,156
225,187
93,140
83,131
207,272
117,27
208,105
110,118
138,158
161,161
217,248
158,162
113,251
62,223
49,130
207,273
72,265
1,46
89,188
116,162
300,156
264,209
108,107
210,266
64,220
166,152
205,256
250,210
66,258
234,198
78,272
82,198
230,204
191,161
116,154
61,242
220,228
268,197
189,160
2,47
90,153
73,164
196,273
117,16
129,96
215,218
200,278
90,180
206,252
234,177
70,148
74,156
140,81
73,203
222,34
261,211
77,215
103,31
183,173
87,266
140,91
221,229
221,34
208,104
188,104
265,183
101,123
90,67
76,272
88,209
75,259
197,284
191,158
61,247
123,143
78,130
109,94
258,153
131,158
249,168
261,154
68,62
68,72
46,86
95,137
263,191
191,134
104,42
50,90
272,203
148,300
106,121
88,73
100,133
68,261
257,211
192,168
60,77
192,163
190,145
182,197
222,231
191,113
202,261
185,172
231,197
116,27
219,227
104,30
85,77
79,268
82,275
94,167
136,114
112,150
183,201
105,118
269,186
190,139
112,163
292,138
212,262
63,250
80,140
76,199
83,213
255,152
192,171
104,44
75,144
133,144
102,293
87,272
195,127
81,110
188,155
225,238
167,153
262,208
176,169
224,239
104,43
101,158
185,165
81,260
139,130
139,81
131,88
215,220
113,162
86,178
263,202
127,161
81,111
60,212
64,247
118,168
190,138
251,168
308,135
77,191
193,288
207,104
195,179
221,230
263,182
75,258
126,138
108,35
79,120
175,96
188,146
171,151
98,295
87,133
242,213
62,248
267,182
234,197
171,156
111,28
264,206
63,253
86,270
78,135
262,193
78,193
215,202
187,208
72,261
253,211
126,147
112,152
263,193
109,161
193,181
118,205
213,251
266,205
133,87
212,213
69,257
82,134
110,107
264,201
99,26
79,276
59,222
190,152
189,131
190,156
86,208
79,190
217,224
213,214
67,222
194,179
262,211
190,213
208,249
57,222
77,138
183,99
208,165
77,264
259,208
254,210
110,110
79,188
79,119
97,136
112,148
88,111
182,172
134,144
217,222
270,206
206,276
92,156
74,155
190,141
136,298
255,212
132,94
128,105
144,122
184,202
147,79
183,174
96,119
145,97
101,117
100,102
64,218
190,136
158,140
271,191
73,219
46,105
176,150
252,169
151,115
211,127
194,275
76,194
85,277
188,147
97,131
79,277
191,151
114,265
143,106
97,63
74,254
86,274
217,251
206,274
124,296
83,210
176,148
179,172
78,143
162,139
112,153
154,133
196,277
265,192
189,152
73,181
84,179
94,89
267,188
106,28
192,292
205,279
91,171
187,176
187,78
72,218
76,186
87,265
251,195
141,84
74,253
47,80
213,259
97,167
267,181
250,194
71,263
225,34
204,286
92,63
225,196
80,80
191,123
126,296
140,121
65,79
152,109
104,124
98,191
86,275
85,196
78,88
196,275
211,264
189,161
89,136
141,79
194,276
191,165
70,262
156,168
223,238
175,171
217,252
106,19
201,263
116,155
221,245
83,81
183,163
78,90
93,207
101,91
88,134
234,59
260,193
101,51
99,127
195,275
96,140
196,289
99,112
261,196
199,268
97,141
99,135
193,78
213,215
192,167
264,193
89,69
229,206
120,27
197,272
77,275
190,151
267,187
190,172
194,182
67,242
206,285
265,206
263,199
108,148
249,203
85,187
63,221
66,242
267,198
114,28
78,214
206,113
209,267
194,277
64,215
195,168
194,172
190,178
125,299
205,277
66,214
63,249
177,195
90,174
187,104
169,164
227,207
139,68
208,270
197,271
227,188
189,104
175,154
185,96
225,190
64,238
272,199
107,156
136,61
243,169
81,109
77,149
68,221
57,223
268,187
94,149
213,260
108,116
50,112
80,121
207,148
134,46
206,115
82,137
194,279
109,156
217,199
165,152
184,140
85,188
145,116
265,187
71,219
215,219
258,201
194,178
82,267
267,196
267,185
103,69
98,27
271,206
54,224
91,63
84,87
247,172
59,241
135,174
180,170
101,116
109,169
214,256
180,195
88,205
150,140
192,180
92,62
191,136
193,278
76,193
61,215
87,271
188,139
82,133
266,156
191,160
184,167
136,112
90,160
90,162
67,256
268,209
229,197
94,145
188,148
55,131
193,291
194,282
77,194
94,168
47,87
200,266
50,72
107,293
255,200
227,196
210,311
100,188
199,128
212,126
65,246
64,226
106,155
91,146
142,68
191,125
191,131
115,16
250,159
173,171
161,157
193,281
219,247
159,120
74,270
77,273
48,119
65,252
157,173
182,173
134,102
65,159
191,164
171,195
212,123
62,229
210,272
119,21
200,288
194,104
249,216
102,99
241,197
114,143
87,270
133,200
166,156
216,219
81,85
180,145
193,219
223,241
131,100
127,149
136,116
114,298
138,298
139,94
82,266
84,278
92,175
54,232
102,201
155,133
120,44
192,120
67,64
264,208
80,124
206,275
263,183
75,147
85,189
241,213
251,149
84,74
209,245
217,202
181,135
80,85
214,258
49,93
186,175
270,205
216,223
178,172
201,287
191,174
60,73
83,264
77,274
88,177
215,222
0,44
130,44
134,200
201,288
119,78
78,151
137,52
54,225
92,146
160,157
189,162
118,208
139,83
81,130
87,268
52,87
102,127
266,209
64,256
57,128
193,174
208,274
168,148
188,136
96,134
64,222
275,200
70,214
128,201
194,283
194,83
230,195
192,126
131,44
259,169
121,29
45,109
87,267
80,127
205,257
113,28
190,144
148,78
207,246
190,143
74,269
187,252
202,285
190,150
64,166
193,175
89,207
94,151
191,128
77,142
87,273
75,202
65,249
268,158
99,28
114,296
165,164
265,210
107,160
244,213
110,117
311,124
264,157
101,17
112,17
191,137
206,243
161,115
184,155
159,146
89,126
206,254
80,189
57,217
191,124
233,175
68,203
183,170
303,136
223,234
85,207
90,181
99,31
298,155
116,164
161,153
78,127
62,215
120,201
202,260
66,222
138,169
269,202
137,72
266,208
272,202
121,39
190,149
89,184
121,160
193,285
268,184
80,122
225,233
245,147
167,147
193,118
102,128
72,149
201,267
82,75
110,174
74,255
42,69
99,54
112,113
99,37
194,90
245,213
212,263
206,278
198,271
71,194
191,126
74,258
180,167
266,181
252,171
77,261
201,291
213,205
185,204
252,196
203,258
193,135
201,115
110,173
46,92
173,129
220,129
63,207
64,185
86,276
76,265
113,205
66,225
62,158
256,152
254,211
310,124
190,115
110,160
101,194
124,148
212,261
73,145
188,178
119,111
208,271
266,189
81,213
131,117
173,172
71,202
216,254
191,156
103,33
2,48
120,39
91,145
145,125
191,159
139,82
219,252
71,258
205,278
96,105
112,195
149,173
248,209
91,127
212,209
190,165
189,127
52,102
101,34
271,205
63,228
94,87
267,199
258,197
76,271
59,76
135,91
107,211
189,177
170,155
188,177
50,91
187,188
79,147
187,173
218,227
175,147
216,222
184,174
89,161
68,193
87,185
137,103
64,228
261,155
47,115
192,181
232,68
76,273
79,91
78,87
205,280
300,155
199,267
177,171
223,232
158,156
84,197
273,203
73,218
190,176
130,173
68,257
122,42
264,186
66,223
151,98
140,172
265,199
156,163
74,256
222,242
108,60
212,218
134,94
191,120
79,260
186,206
226,196
140,57
91,147
235,210
188,174
100,194
200,276
188,176
73,269
189,128
62,232
216,224
106,38
157,122
77,136
68,244
118,153
65,247
236,213
192,116
268,189
267,186
78,261
202,115
80,183
67,244
80,212
259,174
83,80
109,43
192,172
77,263
224,193
81,125
68,209
269,207
80,130
47,98
77,268
142,107
275,163
141,184
263,176
193,279
193,282
156,171
158,126
64,225
63,251
161,170
112,188
231,179
3,46
61,221
165,185
88,277
208,248
189,157
269,206
65,65
62,210
122,131
76,216
260,184
213,208
73,139
73,267
87,269
55,226
181,158
271,204
191,122
75,268
80,117
206,242
267,204
85,98
233,212
217,223
55,229
302,155
84,277
90,151
53,78
64,255
155,135
188,145
89,155
125,142
69,153
64,237
87,271
59,217
56,220
189,175
187,174
204,284
64,224
165,154
194,284
198,268
162,156
53,132
205,284
77,270
207,243
187,100
265,209
257,196
211,306
264,177
102,92
151,139
161,154
86,275
98,39
78,129
80,129
303,121
100,53
113,165
62,250
233,174
99,296
220,230
91,62
162,160
116,153
85,208
196,130
156,114
63,227
73,268
208,243
257,151
193,287
209,247
252,213
78,271
67,210
72,201
209,268
85,198
67,221
86,273
86,272
78,126
63,72
105,296
255,154
191,179
230,198
215,244
170,183
195,274
249,212
101,191
97,199
190,168
157,112
81,188
154,173
203,269
218,250
119,18
113,32
191,130
109,118
107,169
256,211
188,142
60,213
61,248
167,158
166,150
97,54
193,286
94,88
66,92
158,113
203,285
184,175
206,240
270,188
79,116
186,104
189,129
79,112
204,283
236,166
169,162
191,127
86,277
91,151
219,203
233,197
84,132
172,195
86,207
213,213
84,267
261,192
181,196
100,126
60,225
194,177
112,170
208,119
210,264
207,117
189,156
100,130
203,106
219,246
65,216
103,169
88,266
311,122
191,175
123,148
90,155
299,141
243,145
192,165
53,131
196,272
193,280
57,219
74,176
90,66
75,196
115,151
63,252
156,127
70,220
202,262
88,62
262,210
192,290
73,151
87,138
188,141
146,200
143,80
130,151
74,209
190,147
157,123
193,181
165,169
204,281
300,158
186,176
229,186
141,301
127,134
103,100
261,208
228,189
101,158
187,132
63,104
54,94
120,158
128,90
81,134
168,196
101,125
74,253
212,239
276,163
75,267
88,175
212,160
112,94
190,157
128,164
71,145
89,163
85,188
198,282
112,142
139,199
76,261
82,132
110,175
122,143
109,54
97,207
214,237
170,168
91,130
218,200
191,162
157,162
263,192
77,140
199,121
217,245
84,261
74,157
190,118
89,64
191,138
181,198
191,155
192,117
108,100
78,293
53,229
85,277
188,140
273,202
247,165
264,179
96,133
200,267
178,149
207,250
142,116
67,205
80,152
162,158
138,141
89,132
199,269
176,172
190,117
79,275
266,190
264,194
130,95
115,294
105,101
145,300
175,195
75,272
125,139
54,131
45,75
148,80
263,191
214,257
190,169
97,59
209,119
232,177
139,55
97,86
263,187
70,263
264,207
74,257
173,146
117,162
189,166
85,276
83,136
107,154
194,287
65,66
106,16
189,164
77,152
84,76
217,200
132,148
81,268
107,30
144,123
50,74
132,93
269,196
134,143
143,112
81,266
189,159
127,165
93,153
211,263
77,130
116,147
76,154
93,154
189,125
196,104
194,82
226,195
107,40
190,170
90,133
185,131
205,102
201,282
90,185
87,270
147,122
224,208
218,225
202,286
78,148
97,170
190,134
195,180
253,194
56,130
164,166
56,229
236,211
90,154
207,245
218,251
197,277
82,169
269,194
161,150
185,205
114,175
186,207
86,173
114,98
75,263
157,129
86,266
202,96
134,149
61,146
194,125
67,247
130,107
182,159
96,168
190,155
112,29
107,155
69,220
265,211
172,188
197,188
189,134
56,223
96,206
266,191
243,201
208,247
124,165
113,15
75,258
97,202
136,111
110,109
157,139
218,249
58,134
196,273
159,304
119,152
104,293
274,163
157,114
129,121
156,144
72,178
68,259
115,112
60,222
86,144
245,197
133,47
193,166
259,197
100,90
127,83
100,125
293,140
260,200
264,197
101,129
165,129
80,265
87,275
16,246
98,25
139,119
180,173
164,172
211,265
209,267
205,276
191,112
79,215
267,188
188,149
205,255
79,272
269,188
161,133
63,226
93,150
151,151
272,205
86,274
139,102
64,234
262,192
101,296
199,266
90,198
106,118
196,88
207,272
126,146
55,69
144,158
62,222
176,93
65,219
67,249
232,178
189,163
203,259
127,45
159,152
76,262
174,155
190,153
133,48
140,63
186,173
167,148
223,193
66,241
171,115
214,260
193,113
95,293
198,134
62,231
76,259
51,122
251,211
191,129
95,126
230,182
75,264
190,148
267,184
206,276
271,161
99,38
144,81
92,158
86,269
2,45
303,127
171,167
210,265
243,214
151,89
90,178
153,199
108,113
261,193
76,196
139,173
101,185
151,93
41,89
57,229
247,211
96,128
60,76
247,170
85,275
49,103
210,267
182,174
157,136
239,163
84,279
242,214
173,179
72,189
194,278
217,204
82,94
183,200
70,208
226,200
172,186
158,141
62,230
213,259
220,229
61,211
90,152
253,195
75,259
45,88
78,138
80,126
198,270
78,215
60,243
76,264
111,115
175,102
68,61
100,33
82,197
135,84
214,216
181,173
263,181
62,171
192,119
222,198
204,280
63,229
120,38
98,165
244,211
79,117
88,65
83,82
131,95
188,153
138,90
210,266
137,74
190,174
265,155
235,154
271,187
64,227
196,127
221,230
74,254
187,155
93,142
126,172
105,84
110,88
69,151
75,194
219,228
268,207
229,200
88,140
65,204
210,263
70,247
81,264
95,103
83,199
82,211
219,226
91,60
58,218
87,67
68,221
269,184
73,212
53,106
79,261
88,270
134,83
76,201
189,123
176,158
135,87
75,262
226,189
127,96
181,168
97,98
172,149
50,126
215,255
123,47
122,296
195,104
241,176
192,173
54,117
144,113
78,270
109,113
247,197
212,258
205,237
98,31
251,212
74,218
47,118
189,126
96,83
64,73
224,201
142,103
181,172
271,190
56,75
221,244
113,297
42,70
120,40
140,89
63,213
92,169
118,157
211,264
172,151
188,89
185,175
207,271
244,197
184,133
188,152
142,119
77,192
205,277
197,271
246,213
84,184
134,69
191,160
105,40
205,279
54,226
220,158
223,240
197,119
171,148
193,176
184,172
93,156
56,224
46,65
69,152
207,244
215,261
42,98
108,30
199,293
139,81
118,21
129,127
92,65
105,293
89,68
264,210
190,154
74,140
69,247
147,160
192,113
218,248
48,126
70,248
217,250
267,190
75,270
82,149
132,47
66,222
194,110
191,163
75,207
78,124
46,118
235,211
68,217
193,284
109,106
190,178
128,154
156,139
189,162
262,191
303,160
95,170
159,155
99,148
77,215
78,262
252,212
158,118
190,146
189,160
109,18
74,255
193,283
77,203
138,82
194,87
84,260
75,217
69,221
50,100
94,147
146,88
74,198
72,143
181,165
188,143
267,209
84,130
225,206
191,104
89,67
145,200
144,201
193,110
88,267
89,91
175,196
78,263
188,154
115,131
129,163
208,276
154,153
79,271
81,108
100,49
143,95
84,80
87,272
105,123
184,91
122,172
191,161
78,85
83,85
114,30
205,110
194,276
79,262
183,144
92,90
176,195
63,208
198,269
215,203
266,188
204,282
53,228
100,28
256,198
153,142
83,77
207,247
214,203
201,97
54,223
85,197
73,265
207,273
162,173
80,134
98,129
265,200
204,258
104,195
225,194
192,168
201,262
205,283
55,221
199,271
130,162
209,231
188,151
159,112
201,265
133,156
140,82
176,178
79,191
45,101
216,200
156,143
216,253
141,174
119,32
70,199
78,276
249,213
92,143
66,198
118,35
138,84
258,171
168,177
245,212
71,196
51,74
221,228
207,249
87,266
91,90
169,171
90,177
64,206
186,205
87,72
180,196
270,206
131,185
80,263
183,140
268,208
242,197
76,139
193,276
72,219
199,236
79,184
168,155
55,220
103,28
93,160
88,93
103,202
213,303
152,137
82,80
270,207
202,95
98,108
254,194
233,198
81,267
99,89
68,200
205,112
99,87
193,277
60,240
204,279
138,87
85,261
132,158
102,166
189,178
87,273
119,159
180,147
244,214
120,163
103,37
105,67
185,200
188,137
109,186
176,196
99,39
71,150
83,260
183,159
62,220
43,101
272,204
145,119
205,282
266,192
112,162
61,214
71,265
248,212
263,207
188,159
206,277
67,73
205,111
213,217
202,261
79,88
134,159
218,226
191,175
246,197
109,15
87,274
220,245
180,118
194,180
86,273
265,197
164,197
205,101
210,244
86,140
210,269
84,276
263,190
191,177
101,122
208,270
182,198
96,293
220,130
59,240
264,187
64,253
189,158
269,187
80,260
101,38
246,198
192,114
116,36
194,170
63,209
155,199
195,121
83,83
97,203
224,191
127,81
88,131
227,197
144,299
272,159
168,152
224,197
275,203
100,23
68,220
67,206
269,204
112,100
58,238
129,180
192,115
89,204
214,218
65,257
191,110
103,126
101,293
109,294
175,152
93,89
151,165
208,269
172,131
212,260
51,132
63,69
106,65
69,205
132,300
139,93
143,174
207,248
232,198
255,214
178,169
48,81
101,294
69,262
200,290
249,148
190,171
84,81
100,39
182,100
108,119
87,194
79,213
173,162
194,178
143,76
193,175
81,187
174,163
80,120
72,266
263,175
190,156
128,122
82,170
205,256
206,250
108,120
68,71
99,73
87,269
157,135
189,161
203,286
128,147
192,170
206,238
99,126
191,121
64,246
87,267
225,237
141,81
75,208
196,276
206,275
190,179
130,154
134,89
55,79
192,167
248,211
260,154
198,106
267,189
187,176
198,272
107,100
89,176
205,278
80,125
64,254
79,146
149,146
63,233
79,110
145,127
116,173
89,70
192,118
95,156
154,124
200,274
90,204
210,250
95,98
73,156
228,186
206,274
74,260
197,270
207,242
217,155
146,201
122,144
71,264
62,228
207,275
88,64
102,100
132,84
263,206
182,164
98,74
126,152
191,165
195,276
223,194
248,213
191,139
206,246
47,92
175,149
251,167
190,158
86,138
155,151
222,232
227,185
218,199
67,222
117,295
114,99
190,173
137,111
109,105
114,157
0,45
152,102
134,297
229,201
21,248
63,231
56,122
216,249
182,200
43,73
79,266
263,189
67,243
204,259
123,166
204,256
198,118
139,60
127,147
266,189
182,171
213,260
115,29
86,271
191,164
79,86
60,216
0,46
267,208
190,142
192,181
123,174
83,266
222,233
230,197
209,267
87,268
190,151
79,115
194,275
114,156
73,142
148,174
55,225
243,213
109,172
80,213
93,159
263,211
99,128
191,166
266,157
81,121
185,189
190,140
112,164
64,256
65,258
247,213
112,13
112,176
205,108
271,205
191,179
63,214
171,145
160,115
58,223
74,145
172,146
208,251
199,270
257,194
130,43
84,209
199,280
76,156
155,126
130,97
262,182
189,121
168,154
122,146
189,137
148,110
172,171
137,110
128,125
82,164
251,196
189,210
212,261
224,235
195,181
212,208
46,88
152,149
241,174
164,171
193,117
66,223
60,224
79,200
232,197
78,189
86,274
209,165
157,138
107,93
60,217
79,270
244,171
74,217
65,223
100,35
134,53
71,219
253,208
83,181
46,97
217,224
89,162
253,215
191,157
116,159
264,211
91,162
301,158
86,139
95,138
196,91
76,216
255,203
245,214
192,180
73,270
62,249
141,57
207,252
219,247
206,253
234,204
203,271
183,173
87,146
144,159
180,172
174,147
63,212
183,174
63,254
2,45
106,298
265,188
136,91
49,86
115,123
81,212
195,282
240,214
153,302
80,208
102,143
75,266
61,249
110,145
139,129
197,286
140,108
200,264
113,141
158,160
101,17
152,187
204,257
104,40
188,156
196,274
206,291
250,213
214,256
46,114
192,174
132,95
64,152
73,254
86,268
91,91
279,163
70,71
191,119
190,135
131,89
185,277
97,200
194,283
1,46
132,146
192,171
117,34
190,131
179,139
110,147
141,105
129,120
220,228
94,58
194,179
193,278
252,211
107,96
96,142
90,157
94,137
248,199
0,45
135,106
62,227
204,268
139,174
114,155
51,110
91,175
204,285
109,28
264,188
86,264
211,262
46,107
223,208
111,166
213,214
68,65
193,177
196,179
80,103
79,267
267,191
127,97
201,118
195,221
231,180
212,262
218,253
78,266
205,253
213,207
47,88
302,157
63,230
101,82
93,141
192,169
155,134
179,172
75,261
154,168
214,258
234,154
113,294
107,297
130,90
188,148
213,258
109,170
161,151
191,167
253,196
139,88
44,100
163,159
145,188
52,76
167,172
73,218
128,99
190,132
86,128
102,24
263,191
161,149
43,70
76,138
170,148
240,177
78,277
259,212
63,225
72,179
90,91
87,66
78,133
189,165
262,193
165,173
190,149
134,81
148,156
204,234
265,192
68,215
110,174
105,73
247,147
201,98
79,214
166,152
98,200
94,154
192,94
88,146
153,173
93,152
120,156
80,123
141,117
206,239
138,162
86,275
43,69
107,110
241,212
73,146
130,87
0,47
213,259
188,147
86,129
259,172
233,213
73,204
191,111
179,171
216,221
140,298
81,116
155,153
100,113
171,146
264,185
119,201
204,269
1,47
271,207
224,192
188,177
119,174
216,222
72,250
145,132
49,102
46,91
75,220
190,128
267,187
303,123
223,200
80,118
224,198
209,122
116,132
69,295
265,186
102,29
87,270
190,137
74,252
60,71
216,251
134,300
252,204
97,204
151,99
99,101
136,300
102,98
176,151
215,301
116,245
71,181
132,97
78,214
60,171
61,223
119,38
95,87
66,218
217,253
130,174
190,145
115,16
62,214
191,180
137,78
113,138
53,223
193,217
201,286
86,194
132,182
190,141
225,207
130,96
118,172
116,151
73,255
100,189
127,99
254,202
94,87
268,188
252,195
105,30
250,153
246,161
75,216
105,294
228,209
47,114
75,135
73,269
163,152
104,14
190,169
215,256
215,198
43,65
135,159
77,133
304,136
113,175
71,248
252,194
115,12
78,274
246,207
138,77
188,158
55,224
69,220
247,196
201,263
131,160
191,148
87,271
259,185
269,208
210,265
74,256
169,149
200,97
111,39
109,171
248,147
190,136
0,46
197,272
200,273
206,255
118,170
88,138
113,31
65,224
166,153
266,190
224,236
132,152
97,94
95,120
170,150
160,163
261,208
184,124
64,230
299,138
130,82
107,44
190,167
159,140
193,281
146,93
74,254
47,126
122,145
312,122
83,87
72,218
253,213
200,275
170,154
214,259
133,67
88,71
183,87
132,117
79,111
268,178
74,263
153,129
85,276
190,116
0,45
263,193
136,77
156,128
108,297
103,296
60,215
200,106
211,263
192,134
230,201
310,125
246,202
220,194
47,87
225,199
267,183
126,160
190,152
135,124
65,256
271,186
190,170
242,173
71,203
269,183
272,189
227,187
119,135
84,127
59,242
93,158
123,167
178,171
135,67
135,81
101,130
74,257
193,182
213,212
213,215
224,234
109,187
169,156
187,204
200,280
90,149
92,89
97,140
79,113
210,266
213,209
216,202
95,136
85,273
166,130
203,257
195,287
163,163
194,177
228,199
194,79
75,155
109,30
110,149
60,220
46,126
145,174
214,220
74,270
221,231
110,179
224,233
191,176
89,208
260,183
70,249
185,173
101,103
80,161
74,201
82,210
206,252
0,44
248,200
211,290
311,129
253,197
65,240
219,225
106,98
90,150
216,220
224,135
214,204
263,184
64,235
202,111
190,133
116,159
43,68
91,135
70,219
263,198
269,186
96,87
263,157
70,205
98,56
182,173
86,272
255,195
221,198
113,167
207,272
111,168
193,181
200,265
261,177
101,29
219,227
90,158
174,127
190,129
114,32
149,111
194,123
260,209
59,225
188,178
143,299
203,260
219,249
3,46
141,120
118,39
191,125
140,57
301,127
73,268
217,252
131,97
63,217
259,175
65,248
101,90
137,155
74,259
47,94
84,266
145,93
214,217
99,73
1,46
194,277
65,148
140,61
44,114
191,159
85,145
188,146
103,42
273,203
70,213
99,134
81,259
151,157
75,271
83,275
83,135
165,151
98,136
74,138
188,173
62,208
75,254
192,121
311,130
140,114
76,260
93,161
109,112
88,204
243,207
48,129
82,265
203,284
223,196
225,195
131,101
93,151
71,96
253,210
68,254
91,66
309,134
271,206
191,114
74,258
88,202
184,138
44,104
193,111
83,209
265,202
85,85
188,175
186,186
123,145
176,175
190,174
192,172
82,278
169,158
206,116
65,210
114,27
195,180
261,212
220,132
198,197
67,221
144,114
222,231
80,128
95,145
53,230
64,224
129,97
264,171
67,62
189,124
272,185
190,173
190,114
163,172
172,152
267,185
118,295
188,144
204,278
205,103
204,288
188,155
63,218
62,251
118,28
81,133
143,104
64,257
195,124
94,86
222,243
156,132
85,140
62,166
125,147
77,216
161,137
86,132
213,211
129,157
253,211
87,265
191,123
248,195
121,34
190,172
98,30
133,129
55,97
154,169
219,311
179,129
65,205
205,277
264,183
96,78
218,228
73,200
259,173
142,81
167,155
66,62
67,63
228,196
147,115
105,15
62,111
102,40
90,148
74,250
162,155
86,270
265,191
300,127
215,254
45,89
149,112
223,191
65,147
177,91
158,121
152,153
146,116
137,85
230,183
59,217
204,284
81,211
228,185
214,257
80,271
101,295
98,137
68,245
73,264
269,189
90,153
134,115
75,267
188,130
193,137
55,76
121,44
100,25
199,268
209,267
69,65
206,273
175,171
207,238
235,153
95,85
82,135
73,267
201,287
98,95
165,176
96,121
191,126
192,135
220,247
244,208
78,128
176,95
198,137
221,232
114,176
188,133
149,108
73,256
114,109
248,196
222,133
76,203
193,176
79,263
87,209
246,163
95,84
174,171
78,140
85,172
85,183
273,204
71,149
157,149
266,206
69,69
101,42
262,212
263,174
191,173
270,161
254,151
191,94
94,88
91,126
181,121
111,100
146,92
251,169
207,271
83,131
102,14
48,86
74,266
189,164
193,280
98,131
205,281
148,119
184,90
191,132
113,176
74,197
118,111
193,112
205,239
81,269
190,159
65,79
139,108
191,158
167,151
186,175
184,174
233,176
116,168
188,138
179,170
64,213
66,240
46,77
192,122
266,191
193,282
83,165
153,123
161,114
272,203
136,122
109,150
68,222
185,81
265,198
227,200
217,251
213,218
66,222
250,211
221,229
171,171
49,74
267,194
168,171
158,107
193,279
191,75
73,260
201,264
76,153
135,80
205,105
66,80
215,220
204,280
57,131
261,210
136,301
190,154
59,220
180,136
264,198
78,132
154,135
168,122
83,163
251,213
139,182
265,208
188,150
93,206
201,288
190,153
208,122
70,170
192,280
244,196
116,143
185,175
120,157
136,88
223,202
231,181
219,245
188,142
69,63
76,217
224,232
71,197
195,275
64,220
61,167
252,203
52,126
124,171
101,124
224,204
68,212
190,143
178,172
192,93
190,144
121,138
111,141
226,205
89,272
223,233
111,297
67,76
78,275
138,88
135,129
189,95
61,245
193,77
111,117
209,266
205,238
84,75
234,153
105,12
202,285
170,152
170,171
95,142
152,157
184,94
171,150
204,281
78,260
190,138
234,150
201,261
267,210
80,114
143,115
219,248
69,62
159,114
130,132
92,64
90,208
98,27
106,41
110,297
249,175
86,274
222,195
203,285
193,174
228,200
97,139
49,114
77,154
218,249
63,219
120,33
84,149
188,153
86,273
66,207
70,207
76,266
69,214
87,268
193,289
186,166
159,113
181,197
189,163
206,241
118,137
166,158
93,154
78,136
79,102
202,260
195,274
122,165
132,46
262,199
46,78
244,207
215,129
101,34
215,255
196,122
137,174
191,120
96,205
197,275
143,84
196,273
86,171
132,104
216,255
213,213
101,27
192,279
209,269
87,135
79,81
118,142
260,208
141,67
61,244
48,102
192,117
263,192
190,150
184,129
85,275
121,142
131,159
83,205
108,101
77,183
205,276
96,135
138,182
75,256
217,201
154,130
204,110
188,145
157,120
272,187
80,102
142,174
211,310
152,111
213,206
2,46
76,261
79,141
59,216
260,176
150,84
133,80
88,207
224,239
82,260
225,197
197,271
208,106
218,128
219,228
191,182
156,166
84,128
225,236
301,134
190,155
94,138
59,243
153,132
193,175
191,165
216,223
78,192
57,137
198,273
210,246
188,139
209,268
135,66
220,229
266,210
80,99
139,82
203,266
98,37
86,266
205,279
270,206
104,71
196,272
206,110
19,89
85,208
266,201
206,251
131,94
117,39
209,270
184,201
259,210
189,122
192,116
152,103
301,157
47,93
200,93
166,149
188,157
107,116
243,149
262,206
221,230
246,214
169,161
46,85
118,297
112,296
249,214
98,55
54,222
252,215
71,212
250,195
256,210
231,197
184,202
198,283
179,119
194,282
56,76
170,149
142,86
75,146
60,244
190,139
78,269
166,157
139,80
78,88
120,299
186,176
120,20
190,147
206,286
79,85
97,132
137,58
110,174
80,138
64,239
218,224
64,226
196,120
113,174
182,143
93,63
254,211
85,130
75,262
79,260
224,237
90,66
102,118
76,215
59,214
69,215
194,280
71,155
270,192
72,82
135,82
179,140
191,169
104,41
76,197
229,183
168,151
211,264
156,129
74,253
69,173
188,152
206,247
61,210
264,193
203,258
111,99
205,104
77,261
93,155
49,73
77,191
81,138
186,125
107,102
55,223
85,129
191,161
252,166
235,168
86,271
79,266
74,262
270,204
90,62
48,125
267,186
260,198
105,93
185,87
270,205
100,148
158,154
83,149
210,268
261,209
205,278
63,228
89,68
179,294
70,202
262,198
131,161
102,121
124,146
103,121
263,199
268,181
208,270
190,171
72,268
199,224
243,170
80,212
191,174
189,178
87,154
269,207
194,136
270,158
206,287
194,178
75,263
267,188
192,171
84,182
265,193
47,86
151,111
193,228
200,293
166,154
97,201
147,199
89,134
218,248
126,299
94,173
188,135
108,153
160,121
51,76
101,104
172,155
249,204
79,114
167,154
64,221
113,186
140,81
205,254
226,188
260,192
139,56
100,132
85,265
63,226
217,250
119,134
65,223
193,173
301,128
191,162
115,18
72,267
226,192
125,170
58,239
228,202
206,249
113,160
82,88
188,177
61,221
192,170
124,80
103,14
177,172
88,139
223,230
212,211
112,169
123,146
89,137
225,66
90,156
272,204
272,205
213,216
76,155
208,246
123,158
76,273
72,208
191,118
80,270
109,158
210,265
189,166
65,157
165,123
243,167
45,93
190,179
197,175
201,112
194,276
76,216
63,253
68,181
102,82
190,119
45,117
140,146
187,159
76,272
185,159
71,145
175,194
44,118
174,131
191,180
114,297
54,230
105,118
70,259
119,297
83,279
60,241
267,190
75,139
108,114
168,156
210,125
86,72
250,197
75,143
192,104
86,154
188,154
104,52
82,210
302,124
193,84
300,134
124,164
183,162
67,209
118,151
47,111
63,225
43,71
133,297
202,97
132,96
73,141
134,103
160,152
92,63
80,106
214,206
269,209
117,138
215,200
218,198
190,157
117,130
79,109
117,210
150,132
269,195
170,156
190,148
173,195
69,261
65,246
58,241
81,267
158,171
146,172
238,197
64,255
232,175
63,221
87,174
190,134
97,24
146,98
52,88
207,240
70,219
205,280
82,197
195,273
160,172
198,92
103,293
220,195
208,269
268,208
63,247
87,267
89,61
62,215
111,31
113,97
56,131
82,132
86,274
134,70
261,194
191,122
247,173
129,148
80,115
74,217
212,260
91,134
73,217
63,232
66,248
134,66
142,172
138,139
211,251
77,194
84,82
73,253
103,120
130,149
131,119
199,104
23,87
191,128
103,143
63,255
150,140
147,173
208,113
77,86
71,250
191,124
192,124
86,273
147,116
272,206
57,234
99,34
244,212
56,219
109,12
252,197
106,123
204,255
117,84
225,190
87,277
73,257
102,101
222,194
188,132
72,148
260,152
162,157
133,93
106,296
117,164
47,67
189,313
112,115
77,267
173,286
156,172
192,181
62,233
86,269
127,98
80,135
117,107
232,176
161,136
139,112
90,206
259,170
218,250
267,192
215,295
197,287
180,173
107,184
264,186
264,189
156,173
85,274
108,105
179,173
252,168
74,265
150,141
144,199
132,94
100,131
189,125
181,173
87,270
193,169
67,254
250,212
264,178
73,147
73,255
118,158
193,282
234,198
204,284
111,175
56,71
271,160
262,179
225,143
206,274
114,158
111,113
266,209
78,87
193,177
117,168
81,266
188,141
116,103
206,243
205,283
73,254
135,92
108,103
192,277
190,130
87,269
135,183
206,242
207,251
191,127
139,75
200,105
90,201
88,69
175,172
78,268
111,176
112,165
140,73
91,64
151,156
254,212
249,176
79,84
264,207
66,206
58,217
58,240
180,129
99,41
149,109
149,116
141,88
115,103
130,148
213,202
259,152
111,46
226,197
139,84
242,201
48,70
135,97
204,280
194,180
62,213
114,124
267,189
212,261
101,123
193,277
127,299
269,181
161,173
56,221
84,264
130,147
82,131
92,142
270,208
160,122
266,193
98,88
217,252
197,270
223,232
206,246
93,149
217,249
95,101
219,253
111,173
259,171
220,196
96,25
188,140
74,264
270,207
111,148
103,137
182,174
80,98
61,215
47,125
213,258
195,217
81,82
192,159
66,249
262,175
150,199
79,213
262,193
217,225
117,30
216,204
236,162
185,199
193,285
92,152
81,268
189,168
68,221
10,260
70,148
129,89
182,132
193,284
102,36
45,121
75,259
192,175
126,152
184,203
70,220
243,146
64,258
61,170
161,160
204,283
152,199
62,225
113,48
175,180
68,64
243,158
48,87
76,87
190,156
190,151
43,89
97,26
92,205
103,124
70,147
102,127
207,149
65,257
242,196
199,267
196,271
51,98
192,164
183,95
189,167
137,124
251,177
65,208
183,123
156,131
301,160
97,102
80,116
132,143
102,122
63,180
273,203
204,279
70,204
146,102
195,181
111,112
66,222
193,283
184,168
75,195
69,149
140,56
90,65
65,104
190,117
108,115
69,220
48,88
103,70
243,174
65,222
92,161
187,176
218,227
245,199
225,201
139,119
214,218
127,177
86,267
66,201
86,272
46,299
265,210
244,215
275,164
205,277
80,194
190,104
110,30
195,108
71,218
249,196
77,207
192,278
88,63
131,149
71,219
65,239
267,191
86,265
81,107
148,77
76,274
191,163
192,112
257,212
227,186
203,238
235,198
158,143
199,265
100,292
73,199
86,69
183,172
94,86
193,109
197,282
71,261
311,127
194,275
151,112
198,271
136,98
263,208
72,207
188,151
78,82
243,168
266,192
79,140
203,259
74,255
264,182
207,137
160,114
192,173
190,113
76,258
63,222
211,263
131,200
213,259
200,92
199,273
272,201
183,137
205,116
229,198
123,170
200,289
199,241
96,30
70,146
199,266
274,203
109,59
158,116
2,45
193,94
59,221
77,91
71,264
78,276
75,258
174,195
256,199
199,105
160,167
60,245
172,195
73,266
121,146
65,213
86,263
188,100
159,172
102,130
86,206
116,157
125,92
189,169
77,215
193,287
144,69
74,269
191,166
136,90
85,144
192,113
192,288
97,131
221,244
261,193
199,93
83,84
145,94
305,126
185,201
156,148
69,247
263,200
197,104
189,84
214,256
118,161
89,62
270,159
77,87
107,45
253,173
163,156
100,124
215,223
194,179
78,278
155,173
99,116
138,129
87,127
80,131
192,115
250,198
77,274
54,90
94,143
217,223
188,161
177,171
218,226
68,190
114,194
229,184
94,148
178,190
264,180
242,213
109,175
187,206
191,168
176,194
165,150
184,161
265,189
208,107
311,123
190,178
145,122
204,102
63,227
76,262
209,267
132,71
82,277
147,174
54,221
189,165
151,171
102,37
268,183
258,181
155,131
65,197
156,124
188,136
62,71
128,132
190,146
195,283
94,65
142,117
179,146
124,174
86,73
188,163
110,171
259,191
207,253
207,250
193,286
252,198
170,172
88,113
66,210
87,128
190,132
64,210
153,104
200,263
210,264
205,255
193,276
163,168
135,113
219,231
92,154
183,174
107,104
106,205
203,107
152,140
216,253
85,141
132,45
191,164
204,100
94,87
143,85
57,218
184,131
177,170
189,177
206,248
215,221
218,225
207,271
156,126
175,170
183,129
150,85
202,259
147,78
195,281
274,202
187,208
80,188
80,137
85,266
191,167
187,91
209,120
61,247
181,166
213,210
84,193
59,213
87,67
259,186
269,185
94,146
157,137
197,269
132,78
69,148
180,119
48,85
144,94
80,190
131,300
67,216
198,269
84,208
147,103
104,123
244,169
67,243
195,179
74,261
226,136
86,207
104,125
200,291
299,159
66,203
101,297
202,287
110,140
170,195
192,172
195,289
235,197
225,191
271,204
114,103
192,108
180,121
247,202
214,219
118,200
267,179
190,172
204,256
229,196
152,132
228,201
111,147
230,185
136,162
81,212
165,152
224,137
187,173
100,168
262,176
188,149
90,70
225,32
134,125
198,268
116,297
78,265
61,246
64,256
227,204
86,273
69,207
188,175
269,205
57,219
89,180
72,218
110,175
74,271
99,293
83,88
71,148
43,98
87,271
160,153
47,118
101,17
191,129
123,134
268,209
105,122
124,142
122,142
51,121
0,47
76,193
123,43
77,148
182,196
260,195
59,223
71,193
203,233
86,276
56,222
256,190
169,110
121,161
266,179
137,73
214,215
82,164
152,112
131,173
260,185
144,78
244,168
86,180
100,99
133,108
129,98
207,272
133,96
204,281
255,194
81,211
157,171
260,212
205,240
187,187
126,43
116,39
106,141
108,294
154,153
180,170
23,79
56,223
73,256
196,272
129,164
74,270
131,84
78,150
76,273
206,245
188,134
208,272
208,268
190,129
212,205
123,298
188,148
157,301
78,154
110,35
76,263
80,264
190,140
112,299
147,145
142,72
137,142
192,180
58,215
57,227
266,190
214,296
72,142
264,188
202,285
125,172
135,91
140,57
190,135
263,210
78,125
186,104
193,179
78,261
77,88
259,181
103,43
166,129
66,255
75,218
206,272
67,221
210,122
58,227
271,205
185,204
90,171
104,99
70,75
192,123
135,116
135,138
92,144
86,270
159,162
190,173
184,277
66,219
268,186
90,159
66,215
200,264
246,212
47,87
123,137
266,197
2,48
166,148
189,130
207,233
17,245
217,224
86,271
190,142
265,192
230,197
269,187
73,269
189,104
193,288
214,214
244,205
242,198
105,28
255,196
260,153
141,124
269,157
167,130
258,172
193,280
78,214
73,253
269,197
181,171
83,210
185,203
258,202
192,174
115,295
87,151
101,16
110,168
93,140
128,300
206,275
190,161
140,79
86,70
176,161
79,265
79,195
273,160
143,108
82,89
137,161
95,162
269,158
102,97
151,141
68,155
188,156
86,145
158,171
70,264
77,275
67,257
78,122
81,186
98,130
98,107
132,93
103,206
45,92
263,211
267,205
225,135
75,206
162,167
193,281
206,273
207,244
230,200
70,263
64,257
260,172
79,80
212,210
65,225
103,202
67,255
102,158
82,198
101,19
85,275
253,209
102,43
47,120
141,122
98,142
137,300
171,190
218,249
96,163
239,145
99,85
144,73
164,155
125,296
78,123
176,156
272,195
273,204
85,179
180,172
127,99
55,75
309,125
99,292
116,160
56,234
234,197
263,201
240,145
206,114
110,75
115,14
189,154
266,196
71,223
191,135
112,163
78,277
112,168
93,89
86,176
201,262
190,174
179,156
201,105
207,270
266,191
205,276
95,52
133,115
108,108
264,212
191,176
189,127
131,118
151,142
178,170
229,185
241,163
196,273
62,250
44,93
75,264
260,177
72,219
76,137
91,145
204,282
71,251
113,107
175,148
101,131
130,125
75,265
274,199
47,95
110,41
207,274
216,201
103,63
208,118
110,173
47,70
97,206
88,269
196,278
61,214
87,266
76,194
126,175
71,144
149,174
234,196
96,141
89,192
157,121
117,149
177,164
102,117
83,130
50,132
80,275
79,145
264,187
188,143
197,274
182,199
264,202
108,33
261,208
101,95
97,97
133,89
175,282
98,23
206,276
192,114
111,193
169,152
222,232
63,254
63,229
130,88
68,220
215,204
267,198
63,166
101,30
96,164
260,194
212,215
302,127
216,246
88,199
110,97
246,148
91,65
102,181
146,108
74,258
142,162
190,155
109,16
111,37
116,29
166,160
220,201
93,160
117,49
262,172
111,298
98,54
97,57
65,255
100,187
184,199
131,299
188,173
191,169
48,89
174,172
85,182
75,272
219,228
96,29
62,209
150,139
249,213
267,187
62,222
198,270
262,208
175,151
91,91
75,216
133,45
109,172
244,201
97,36
130,86
86,268
60,246
132,119
227,201
77,276
134,174
200,266
191,165
264,199
264,210
112,164
243,163
91,135
194,285
212,261
210,129
261,157
267,157
135,144
71,143
142,155
92,179
78,153
189,171
63,220
75,217
190,137
264,184
135,104
74,268
113,29
88,183
75,262
261,213
80,119
205,278
193,176
67,217
258,150
205,253
153,198
84,129
182,129
180,197
191,291
80,80
80,127
184,175
319,272
48,118
143,163
192,181
225,235
139,96
268,187
193,172
251,148
207,116
72,147
90,66
252,149
69,198
66,242
140,99
89,181
162,166
126,132
58,218
48,80
270,186
214,125
98,36
247,197
261,169
267,209
262,196
224,234
115,297
262,192
208,271
185,175
303,157
107,294
205,111
53,227
141,78
71,265
176,149
203,267
189,178
241,146
174,148
192,285
199,186
265,194
233,68
206,102
111,115
112,149
190,160
188,131
134,47
148,147
93,88
202,100
190,149
259,199
109,40
91,146
189,166
53,223
224,199
83,167
82,264
271,206
260,180
105,153
194,281
110,148
187,177
68,148
201,94
194,157
84,73
244,170
128,296
215,217
220,244
87,267
70,219
107,63
139,81
137,122
211,123
241,196
120,136
191,125
99,113
245,213
63,256
86,272
215,202
221,243
224,195
75,186
202,284
230,182
193,275
191,180
204,257
64,224
155,142
64,217
231,201
265,201
139,61
65,203
79,144
130,95
111,30
187,174
86,150
191,170
268,190
273,205
122,43
189,179
189,121
214,203
270,194
202,263
137,71
194,175
95,144
88,180
194,180
195,180
128,148
72,266
247,210
66,247
57,73
187,240
92,90
132,105
86,131
97,293
200,265
78,131
172,110
217,247
237,153
206,250
267,185
105,60
67,259
136,89
227,196
190,158
90,151
186,174
188,153
223,193
206,240
190,136
212,206
258,180
190,174
110,90
226,188
112,103
201,286
192,129
124,44
45,100
213,215
74,263
83,134
217,227
190,145
122,168
60,167
54,229
268,189
64,252
190,209
116,75
244,198
216,127
65,160
116,33
123,45
69,150
93,157
77,145
149,83
60,174
90,179
208,105
270,195
103,101
74,206
117,153
75,138
242,214
192,281
94,294
221,230
105,65
109,113
86,269
207,246
91,163
155,128
190,128
252,170
101,126
85,198
75,215
129,200
94,85
192,127
272,205
45,74
66,250
171,132
107,187
73,76
141,84
64,219
205,110
59,224
110,116
121,299
85,73
111,294
201,284
186,206
247,213
70,209
74,140
216,130
154,132
225,205
266,180
141,94
267,182
222,199
190,157
231,198
185,151
191,166
120,19
131,127
215,254
60,215
188,137
107,12
209,251
128,96
204,286
126,173
192,169
93,90
213,205
265,195
182,151
193,178
212,264
103,193
111,47
91,179
101,149
189,176
158,153
128,143
262,160
193,135
230,196
106,64
64,150
267,184
137,123
220,230
73,254
191,160
261,211
201,263
86,266
109,119
61,222
193,93
90,152
77,198
152,79
90,154
89,193
171,196
116,219
50,95
203,261
264,156
86,146
98,293
191,179
220,245
99,35
108,185
79,190
46,79
111,187
201,287
189,206
234,199
44,73
231,179
122,139
159,173
265,209
151,109
221,231
60,222
190,152
150,147
75,144
47,107
84,275
88,130
219,247
76,267
178,151
193,85
263,207
213,214
267,190
267,188
88,174
117,169
80,212
58,71
202,261
85,180
95,135
85,264
191,124
73,258
196,285
64,251
132,156
135,136
95,84
108,113
205,275
190,138
262,211
265,207
75,145
215,218
257,200
217,200
150,80
87,272
189,126
114,87
47,79
83,209
193,278
269,188
62,238
119,172
223,195
94,139
47,116
67,244
255,212
103,60
216,222
216,252
84,142
71,202
201,268
86,267
184,145
94,89
66,200
63,211
47,119
165,132
171,122
204,280
63,252
193,182
85,273
214,123
81,79
61,248
110,64
212,212
304,157
177,172
217,251
127,94
78,262
130,200
250,204
190,127
191,119
109,114
164,165
190,141
189,164
160,173
247,164
155,132
74,252
86,270
193,282
110,159
53,224
270,206
84,196
263,193
259,182
165,151
82,129
189,162
205,112
46,66
140,107
74,210
100,133
189,124
217,225
196,181
75,193
80,121
101,187
224,194
202,260
86,275
130,94
189,170
54,223
190,133
192,173
69,248
142,163
206,274
74,257
48,111
249,197
171,151
88,200
85,274
73,255
204,283
137,81
262,173
88,88
188,142
46,94
71,266
91,149
188,146
217,226
178,124
266,194
119,17
212,262
205,237
168,172
187,104
211,262
76,144
224,235
138,86
207,273
106,30
106,121
90,182
208,119
79,259
138,53
88,135
161,168
81,137
181,173
185,176
149,154
132,164
203,284
78,271
222,193
269,208
142,88
269,206
244,174
104,30
176,171
262,178
81,279
138,103
58,223
119,18
43,96
241,215
188,160
136,51
89,71
81,77
252,213
174,116
102,128
108,109
204,284
78,133
204,278
86,189
190,175
190,154
121,163
90,139
265,197
116,14
178,95
93,156
206,253
204,279
228,197
225,58
164,157
117,165
134,114
218,230
82,209
92,157
70,243
109,171
223,236
73,163
203,287
112,172
75,199
141,56
216,224
142,141
111,116
224,34
191,121
65,220
71,220
202,167
223,198
221,199
188,138
244,166
203,285
205,115
202,98
81,78
74,198
79,269
219,246
206,241
138,52
45,108
267,200
77,129
133,144
107,18
55,228
200,98
88,64
112,18
214,257
99,135
188,159
188,178
169,126
74,259
206,273
190,131
183,91
65,223
138,174
77,266
126,147
260,199
46,123
301,129
83,131
45,90
213,126
110,28
192,289
201,272
173,171
170,124
218,226
260,201
192,182
252,208
256,213
64,223
74,158
190,162
209,267
219,198
247,203
203,105
66,66
73,217
63,225
109,173
0,45
197,272
73,256
111,111
179,167
188,144
108,154
116,87
65,245
63,218
91,73
136,132
66,170
159,153
192,286
86,274
106,184
193,177
63,226
62,247
110,40
149,140
76,196
263,192
141,75
247,146
192,282
133,95
102,184
211,253
84,195
206,234
209,266
140,91
84,197
144,87
176,172
215,255
70,221
104,33
79,116
208,268
81,132
207,271
84,95
206,243
178,173
171,149
225,238
224,198
47,86
73,252
209,216
214,217
89,138
101,182
83,275
80,189
110,96
205,277
183,174
190,159
65,237
150,96
259,213
78,149
131,163
208,269
44,101
54,126
131,101
213,207
186,207
101,292
68,247
79,97
194,276
156,137
167,155
139,103
134,91
189,167
160,164
215,220
247,214
258,175
46,297
205,241
218,248
181,174
190,153
274,204
223,233
200,288
263,191
93,158
227,202
66,222
67,198
85,267
52,122
161,197
185,173
110,176
200,154
207,248
76,143
72,76
154,140
138,54
189,149
195,273
193,106
267,208
165,197
154,160
117,106
97,28
187,187
78,129
183,199
224,203
73,259
108,170
222,132
53,226
265,184
190,180
135,96
188,147
78,127
77,262
193,290
243,212
119,31
262,193
90,92
124,172
99,167
255,213
225,198
267,206
190,144
78,121
136,144
117,66
94,293
212,260
89,68
83,208
224,133
248,212
185,134
69,211
203,99
22,249
261,209
79,270
92,61
79,273
147,159
79,188
221,233
206,252
195,274
202,286
90,148
79,264
194,113
117,155
60,246
266,200
234,155
212,304
229,213
48,119
194,275
103,30
197,271
93,153
192,117
74,155
84,191
95,143
254,210
237,211
199,203
268,191
145,95
138,142
191,181
87,173
194,220
72,268
189,169
271,159
96,56
140,95
251,197
80,133
189,150
179,172
77,191
190,139
99,137
235,144
93,209
197,273
192,283
69,263
79,134
107,61
73,253
105,42
86,271
51,131
272,188
103,292
177,194
241,198
82,136
195,280
63,251
169,120
213,208
149,173
198,123
133,123
85,276
261,212
205,239
145,68
62,182
99,136
203,236
220,197
55,220
103,207
111,160
125,80
115,205
202,285
219,230
258,169
139,99
51,105
150,143
122,272
96,129
264,155
215,219
81,278
253,212
104,204
100,134
110,115
104,47
141,116
224,238
109,167
135,160
72,267
179,122
54,111
86,268
97,29
148,125
94,86
249,198
190,126
192,280
252,216
78,260
79,213
111,114
64,205
122,166
207,245
213,259
198,267
148,157
129,174
83,261
77,271
210,266
86,161
205,252
107,32
219,229
78,268
74,146
192,279
213,260
137,148
172,150
121,167
110,117
83,197
85,190
188,152
214,256
222,194
146,137
264,175
58,217
70,149
136,156
191,167
117,27
56,109
116,17
115,146
105,25
107,30
248,213
128,43
136,70
189,165
188,165
310,127
59,222
212,259
224,206
85,274
162,152
90,149
117,20
190,115
45,119
188,158
108,37
165,149
74,220
142,71
189,123
224,191
135,85
99,28
189,178
188,157
90,150
193,283
192,181
53,225
73,263
79,149
75,200
206,251
244,197
260,193
303,155
217,252
251,208
186,176
112,113
196,126
100,169
245,198
197,270
111,167
251,196
190,143
234,213
215,203
135,125
214,218
146,173
100,32
210,265
48,88
83,278
191,171
63,231
264,211
213,258
88,71
120,138
182,173
127,99
155,137
62,249
62,221
44,72
118,34
113,159
136,48
312,121
104,67
216,292
157,115
189,152
258,170
90,68
74,262
59,244
112,193
271,207
93,89
206,244
90,134
60,221
112,190
260,179
226,196
214,221
230,213
216,254
267,189
188,177
245,164
64,246
61,30
83,93
270,207
96,133
127,114
242,215
77,214
73,211
137,131
269,203
166,172
121,162
109,174
182,174
225,195
95,122
125,82
159,118
81,136
169,196
245,214
46,117
230,183
189,153
173,147
87,65
165,153
77,260
201,275
189,180
93,150
180,159
76,261
206,246
73,269
207,258
100,52
90,205
67,94
126,90
94,88
112,171
149,139
132,149
193,281
55,219
149,148
265,193
201,245
118,107
141,100
80,144
65,222
173,116
247,212
257,201
210,264
66,256
204,255
165,152
73,257
265,200
110,277
143,113
67,212
268,210
45,109
70,150
222,242
135,49
268,157
207,243
86,270
206,256
170,146
112,11
202,269
157,142
194,179
74,143
95,99
196,192
147,111
198,268
71,201
43,100
61,220
80,134
69,220
113,93
151,173
158,163
64,77
253,195
72,256
206,239
147,108
267,183
82,260
110,99
136,49
52,123
232,196
209,152
173,172
102,189
191,126
98,129
225,234
91,59
189,118
152,110
192,277
190,156
59,226
159,123
225,239
70,153
108,12
179,152
78,68
253,211
201,261
179,153
211,266
255,204
107,159
231,202
88,129
75,260
168,155
204,283
192,174
133,116
76,86
243,214
263,181
248,148
230,205
205,282
203,258
166,150
109,46
111,36
120,171
252,196
207,287
189,148
61,223
57,132
204,281
190,134
191,164
89,268
50,131
154,173
52,75
212,208
66,241
97,292
257,203
154,114
192,291
188,139
266,192
190,142
86,267
141,90
207,249
85,197
190,163
88,273
63,253
259,151
143,87
254,198
188,135
86,128
230,180
202,265
304,154
204,282
207,269
73,261
158,115
82,79
78,266
67,222
195,222
215,236
108,102
246,165
188,161
62,219
80,100
86,269
186,156
111,143
75,142
74,253
193,277
191,131
68,246
70,250
192,118
103,151
139,89
223,194
259,172
187,151
221,198
116,246
110,174
69,219
225,203
203,202
102,91
73,140
220,231
51,74
50,122
175,149
155,141
80,259
269,207
129,49
112,166
213,250
121,296
205,276
67,221
270,193
212,125
89,67
134,124
193,284
196,271
142,115
56,219
152,142
53,76
107,116
94,137
216,223
191,123
140,174
90,125
111,144
92,157
70,142
134,85
185,104
79,143
152,136
192,119
264,198
166,123
161,158
264,203
118,160
77,213
91,147
232,177
254,150
191,111
44,63
215,222
265,177
192,120
215,254
188,155
86,273
194,284
244,157
191,130
62,228
159,143
202,262
115,163
136,99
191,169
77,156
182,140
108,38
112,147
146,139
56,217
108,91
75,264
89,129
195,272
191,163
139,82
228,209
59,212
192,175
204,261
82,184
92,62
85,272
184,165
272,204
134,138
152,79
235,213
189,92
139,134
126,170
161,143
70,248
159,145
244,166
185,175
221,197
70,219
162,148
99,40
132,66
198,177
216,225
191,168
222,198
218,227
194,274
71,218
78,213
50,98
217,250
212,209
118,24
206,237
153,134
300,159
191,170
135,178
66,221
220,229
224,234
265,211
107,38
82,183
69,64
191,110
248,214
117,82
151,94
63,255
94,129
242,209
207,103
254,211
84,134
112,30
191,117
254,149
267,191
265,183
171,172
77,182
227,187
127,160
75,261
113,115
215,221
72,218
85,268
158,159
139,107
74,154
140,117
311,125
64,225
75,196
46,101
84,276
79,99
150,89
131,164
45,64
166,154
273,204
190,151
158,120
84,84
166,151
63,224
71,260
74,131
268,192
100,95
245,197
65,74
63,169
58,68
195,181
143,298
126,46
83,277
132,92
191,120
190,125
136,181
193,276
98,128
102,126
46,122
219,226
113,75
102,39
211,261
98,201
48,95
71,249
263,182
293,136
59,216
163,162
67,242
140,104
84,207
134,71
246,197
73,138
213,219
78,261
101,100
122,143
76,215
191,172
178,172
46,86
129,45
64,212
63,234
112,167
233,197
222,195
91,269
189,168
211,262
171,148
271,206
84,209
114,31
78,214
64,236
192,116
45,76
223,234
97,85
205,122
76,155
262,209
204,278
275,205
95,84
104,45
212,261
189,163
251,210
224,240
86,272
205,275
99,103
108,155
140,106
124,100
181,173
196,284
158,173
54,220
190,75
227,197
190,132
97,202
158,129
99,127
208,179
265,185
122,102
189,120
220,246
206,284
105,118
199,264
261,200
73,156
155,122
81,174
194,289
210,249
166,149
192,115
213,217
54,112
119,139
78,267
78,189
218,153
105,17
205,238
103,32
145,70
142,301
144,180
234,210
98,135
113,96
250,213
213,124
199,106
66,211
100,82
90,135
81,133
99,80
102,41
100,29
85,273
155,134
208,258
98,292
48,101
65,248
75,138
80,122
109,107
212,260
180,94
191,173
82,84
52,127
108,105
203,257
180,152
143,94
207,270
156,138
113,148
123,201
192,176
64,223
60,216
69,174
107,46
194,90
79,204
84,264
211,255
96,293
199,266
62,251
176,195
96,140
68,197
255,153
208,270
196,125
191,189
241,197
119,28
86,266
70,199
190,179
44,109
260,197
85,263
187,148
62,216
151,136
77,147
202,264
199,175
143,172
191,180
139,78
193,110
190,129
65,258
200,281
64,162
73,255
190,130
90,201
192,190
233,175
86,204
65,145
118,131
190,173
136,54
226,210
175,195
190,147
112,104
96,142
90,160
48,68
83,80
228,185
187,177
94,128
138,81
127,150
130,118
81,84
166,170
208,267
103,131
263,154
214,220
115,161
103,36
213,216
131,178
131,126
262,208
262,153
144,114
207,272
119,15
262,212
68,220
210,263
187,189
75,198
77,270
86,271
265,198
229,144
189,166
203,259
59,241
74,254
198,197
63,246
206,272
194,108
97,56
221,132
65,241
183,197
190,150
270,209
49,97
61,224
228,187
221,195
90,155
139,79
57,222
119,38
75,153
206,249
203,234
189,179
135,161
63,163
188,154
79,112
183,175
81,273
246,213
206,242
219,227
74,139
193,279
193,91
80,266
181,198
232,198
101,18
67,218
85,275
189,146
188,151
253,200
100,28
234,198
151,167
266,211
248,197
101,122
141,87
147,90
214,256
111,166
139,163
54,224
188,130
200,287
203,281
55,223
199,198
116,172
78,124
191,133
96,143
186,177
190,146
87,268
84,130
261,154
58,216
192,281
74,258
202,96
106,85
74,169
211,263
188,93
196,103
196,228
140,80
216,252
134,118
268,196
140,72
44,96
121,23
101,85
236,213
192,129
86,155
186,155
106,96
201,120
91,90
188,133
206,247
145,87
199,265
221,131
160,138
212,207
146,106
85,149
244,213
193,92
112,161
265,210
73,256
215,211
72,146
41,91
118,16
223,235
131,166
103,64
157,145
102,28
216,253
190,158
192,278
248,210
138,138
202,259
217,132
208,245
87,130
57,74
68,245
82,86
171,152
82,134
77,274
97,198
138,172
185,206
165,172
117,29
91,60
136,186
89,189
90,189
161,138
223,192
269,189
84,174
152,89
211,252
193,95
206,149
83,165
73,155
138,62
270,208
235,212
233,213
190,149
72,269
56,121
196,270
55,111
184,202
193,139
190,137
41,89
204,279
122,174
101,17
93,293
75,273
241,145
54,91
268,205
144,93
97,82
87,71
79,125
79,150
189,169
66,214
49,95
134,150
115,17
135,65
73,254
127,99
111,139
63,220
57,221
73,218
191,166
260,195
265,190
242,163
60,223
93,152
112,151
87,66
264,177
114,29
130,159
210,264
128,302
62,250
63,228
268,160
104,292
246,208
200,269
184,146
188,95
218,246
78,119
80,145
43,97
73,252
174,147
226,204
132,100
191,100
179,166
97,55
190,114
197,224
85,271
133,300
46,115
107,100
86,264
97,130
139,88
63,254
204,280
262,171
263,212
210,141
92,143
212,210
156,120
213,261
300,158
206,248
272,206
83,276
110,14
214,219
105,92
80,265
88,179
78,276
180,173
232,202
213,212
80,113
242,166
267,186
260,155
196,105
117,173
86,268
125,147
200,292
179,163
103,126
245,156
103,119
162,153
152,109
166,167
111,41
137,159
75,156
260,181
266,191
134,95
51,75
111,150
192,114
122,201
85,266
216,221
199,122
226,197
259,202
236,145
63,248
51,112
85,274
228,198
75,263
179,160
101,41
252,211
98,109
228,200
190,165
128,79
86,143
136,57
62,213
96,107
168,119
133,158
251,211
135,166
231,197
237,168
92,63
63,227
99,126
79,87
190,135
233,198
272,205
102,129
89,191
62,229
206,243
79,205
264,191
204,106
191,122
100,125
72,143
185,205
69,194
204,256
250,165
75,271
44,121
269,186
162,172
73,262
253,185
172,146
78,130
145,93
104,208
71,172
204,277
191,165
200,246
300,152
188,178
81,275
88,70
194,181
75,216
212,211
140,105
132,157
187,150
253,186
85,134
71,203
90,63
103,82
136,76
46,87
99,100
155,152
94,87
259,198
49,119
163,155
246,214
85,132
190,175
269,209
134,48
102,13
116,19
259,180
229,208
155,130
107,105
14,245
94,147
230,198
115,128
135,167
74,216
96,22
194,180
146,103
160,169
143,121
91,132
263,193
197,269
183,172
93,151
204,111
136,147
187,195
49,117
264,200
69,195
57,129
66,222
193,178
225,197
136,174
159,119
149,89
266,210
140,90
100,91
67,223
104,205
92,58
188,153
190,128
261,199
228,186
47,113
212,263
192,95
65,224
73,253
188,93
123,142
134,173
226,189
175,152
66,213
85,265
264,193
264,185
92,142
99,32
195,126
86,127
202,103
55,130
190,164
138,59
110,98
55,218
192,173
133,149
225,207
188,96
258,198
74,256
64,215
60,244
129,158
73,195
212,124
216,250
169,153
43,67
122,144
151,101
261,194
165,155
71,79
81,187
97,110
83,209
158,114
115,204
131,103
73,266
117,166
76,193
190,161
244,145
91,205
72,253
87,181
220,198
205,278
56,228
215,256
269,159
197,118
86,270
82,210
134,144
231,180
192,113
268,208
76,216
140,118
80,278
196,272
84,274
89,136
230,181
206,273
234,301
264,204
205,256
232,203
218,249
66,73
209,228
233,210
82,131
148,140
190,160
188,160
130,152
228,196
132,144
138,87
140,300
66,221
86,265
234,153
189,91
134,91
203,270
209,267
189,154
76,264
192,86
104,162
209,121
114,146
175,171
168,182
188,162
209,125
96,24
95,86
229,197
203,263
190,157
205,277
188,170
164,173
206,108
267,188
149,300
195,273
64,257
170,109
217,224
249,212
112,253
151,198
62,124
189,171
99,23
183,174
203,284
97,103
121,22
131,98
264,192
113,173
96,33
158,148
102,292
91,64
110,175
190,162
213,215
132,80
106,100
201,285
119,166
84,133
105,19
222,231
85,123
152,173
122,200
299,155
85,270
81,211
150,144
200,94
66,202
96,203
69,152
193,280
136,184
144,115
78,270
77,275
242,197
75,134
111,18
205,258
136,154
271,205
121,201
193,179
85,128
222,232
55,227
163,173
157,155
177,135
191,181
77,263
104,124
95,292
139,84
49,123
191,171
84,206
193,177
127,170
222,233
269,187
142,105
167,171
182,200
138,65
244,214
184,174
82,211
218,226
261,207
210,265
194,278
221,231
72,268
110,15
198,125
223,240
204,287
190,141
56,120
266,207
192,111
224,236
155,171
198,120
120,201
270,197
84,140
189,140
254,209
50,81
193,282
89,200
249,213
134,92
190,113
90,274
70,145
47,84
110,118
259,196
205,253
176,164
70,217
190,116
163,132
64,213
99,42
126,96
122,113
231,210
193,133
266,209
217,225
188,129
264,189
190,123
139,177
183,86
117,172
78,263
136,124
135,112
103,110
71,207
155,129
77,276
219,247
191,118
64,184
102,17
207,271
94,128
101,93
130,97
121,136
190,180
267,201
102,121
228,205
131,174
98,115
188,163
188,136
102,112
57,218
190,140
152,98
202,106
108,150
53,222
251,212
179,150
106,101
192,172
265,179
103,205
108,167
78,126
91,92
208,268
76,194
61,209
63,207
264,187
122,141
203,256
118,152
99,140
84,275
201,261
113,142
45,75
82,278
79,259
142,111
273,204
196,124
138,200
242,174
100,158
73,217
264,163
191,174
267,199
112,28
79,264
83,185
60,215
62,208
219,228
171,171
181,193
70,183
142,77
80,212
234,154
112,102
74,267
201,293
200,262
57,238
115,264
87,172
173,129
64,72
145,174
243,198
225,237
201,289
80,267
213,258
133,121
164,198
113,164
98,29
98,192
216,247
173,163
204,236
137,101
265,182
227,186
112,174
104,13
65,222
97,81
191,167
137,90
101,130
46,111
87,126
188,140
145,109
190,124
152,124
69,219
97,200
72,191
64,223
212,213
213,257
214,217
109,37
122,298
201,286
224,196
101,89
68,211
96,25
268,158
267,190
270,185
78,162
205,274
190,174
70,218
268,209
118,252
146,174
161,156
214,255
69,246
126,95
150,151
212,214
90,67
113,161
131,100
100,39
187,175
73,141
59,74
99,134
264,182
101,38
259,153
268,199
76,202
177,151
104,46
192,88
77,151
81,131
94,53
97,26
305,124
70,262
165,128
73,257
189,147
84,146
188,159
310,126
195,277
189,172
144,160
179,133
62,248
194,91
99,166
89,157
63,225
59,68
65,223
120,159
111,177
177,96
85,273
273,203
202,285
79,111
262,194
269,183
200,263
86,270
109,109
192,182
84,263
140,59
74,149
153,141
186,176
143,109
108,30
253,213
62,252
219,246
99,208
189,122
86,267
92,135
127,201
212,224
159,161
196,223
183,201
115,265
84,208
85,129
195,112
190,152
118,159
245,196
62,225
150,141
90,162
201,265
115,31
95,293
183,167
164,136
206,245
108,26
67,204
54,131
217,250
86,269
79,130
205,113
92,64
74,259
108,166
192,175
61,249
189,176
200,264
230,201
190,159
194,122
68,66
100,295
172,166
79,118
122,145
242,209
253,149
77,155
111,93
106,12
47,92
192,279
190,153
93,88
222,194
271,207
79,191
148,160
172,171
118,18
191,119
207,118
161,164
114,296
114,33
267,210
138,155
161,302
68,244
112,162
90,178
73,270
268,197
68,261
194,92
137,150
192,217
44,110
268,195
189,170
148,161
46,84
192,174
255,211
134,158
248,202
81,173
87,93
185,176
165,150
242,177
74,217
222,241
114,294
161,172
192,87
184,173
197,105
188,132
82,198
168,110
193,285
179,173
187,84
64,253
189,141
199,105
188,104
84,266
83,260
190,177
135,74
229,198
90,153
111,28
136,153
70,263
245,212
247,169
91,170
68,74
189,156
273,185
98,106
61,248
131,99
117,17
135,124
47,83
165,127
150,142
157,144
127,297
140,68
241,199
243,175
224,241
191,182
144,161
98,27
70,264
273,205
221,230
182,172
93,61
104,44
263,208
204,278
267,192
190,155
183,200
157,156
83,75
120,174
206,250
200,290
79,129
104,103
177,144
136,163
59,243
190,183
275,165
151,100
182,174
115,96
80,85
120,296
85,272
262,165
78,269
109,86
228,206
74,265
77,215
50,120
163,176
190,131
140,57
201,260
117,15
184,172
188,145
48,88
218,248
240,144
192,280
68,208
79,131
180,171
109,224
270,207
189,119
144,71
74,202
128,152
274,205
63,256
205,279
86,266
253,148
213,224
0,46
191,124
167,196
170,152
98,32
247,175
189,155
205,276
246,146
70,212
207,270
137,156
261,182
110,293
269,189
192,177
79,101
60,236
214,258
196,274
213,207
106,40
260,211
204,279
271,196
190,133
201,262
63,212
230,202
138,62
69,262
67,256
266,192
211,262
214,257
211,261
67,208
55,84
121,20
168,124
78,146
271,208
232,197
205,275
126,116
124,152
191,169
108,151
267,180
108,208
124,197
79,128
191,116
115,29
96,280
135,178
63,247
116,18
104,119
207,119
205,240
264,178
189,144
188,142
138,83
104,158
142,104
190,148
71,266
269,190
107,157
47,89
73,191
206,273
145,172
190,176
94,193
229,184
77,194
47,106
1,46
187,165
72,255
90,161
46,96
62,231
109,172
78,120
162,145
56,222
159,116
46,95
250,178
139,57
99,39
79,138
59,242
246,159
252,213
160,171
89,156
91,159
192,176
74,215
206,105
177,172
69,260
204,281
81,132
114,80
224,192
61,247
190,136
89,125
137,151
68,207
72,266
193,275
189,145
89,69
90,158
313,123
70,79
173,164
235,198
109,173
155,127
81,193
220,245
304,156
85,207
173,146
93,159
189,173
119,39
135,174
120,283
183,148
129,89
196,275
154,155
68,220
205,112
83,97
169,172
141,80
223,134
99,37
96,292
205,242
193,180
218,227
189,179
204,110
94,86
214,222
213,206
190,145
144,81
261,175
264,176
126,102
63,148
270,206
65,222
131,135
98,136
107,108
83,186
71,211
106,206
233,174
226,202
209,252
95,104
150,109
81,263
84,265
46,112
102,125
99,201
70,151
184,203
249,199
243,145
66,257
201,288
74,262
263,192
158,198
145,72
193,111
122,147
93,148
184,175
111,40
69,197
121,174
190,163
130,75
274,121
128,89
88,63
113,158
52,77
111,157
300,154
125,87
135,93
206,272
64,204
247,149
0,45
99,31
198,266
225,196
206,271
204,104
73,258
94,85
86,271
230,197
187,156
147,299
221,138
177,170
212,259
161,117
74,270
85,269
189,104
80,211
114,257
55,126
134,120
169,150
205,254
66,223
63,213
262,193
48,113
267,209
219,197
223,241
115,150
103,127
250,214
166,153
79,110
87,136
122,158
199,180
205,106
249,149
214,218
174,196
130,119
105,43
92,144
170,110
81,278
74,260
251,199
145,152
166,196
206,251
156,135
234,152
93,168
259,179
100,293
110,244
243,213
77,191
261,167
113,32
73,263
204,283
256,193
188,161
265,186
43,70
92,148
186,172
123,174
188,164
204,284
180,106
263,180
118,201
215,254
251,174
118,36
2,45
58,99
109,30
62,227
160,168
141,77
81,135
267,207
78,266
207,109
219,242
0,46
229,205
44,99
154,301
43,69
220,230
109,147
61,250
68,216
95,194
100,132
178,139
182,148
239,144
180,295
107,107
83,92
78,134
72,267
92,139
110,188
77,83
113,19
178,148
68,214
214,256
224,238
215,255
217,251
145,162
167,172
86,143
199,197
89,92
141,104
93,162
98,40
181,173
138,108
85,264
112,179
190,132
56,70
190,127
227,188
300,151
206,278
143,97
185,137
188,134
265,203
85,187
60,211
162,159
151,106
188,148
106,181
114,108
136,90
81,274
87,143
81,92
18,245
202,258
185,145
124,134
216,244
87,131
191,99
200,199
191,149
208,248
85,273
63,90
194,180
90,66
209,266
90,65
109,171
64,250
81,130
70,249
174,133
193,286
104,294
191,172
92,62
196,271
194,109
234,207
84,270
169,146
224,234
101,129
212,240
191,168
76,274
118,20
261,153
203,98
190,167
126,143
110,46
251,213
3,62
213,211
182,199
151,140
73,200
124,136
85,197
92,90
251,172
216,252
236,212
117,28
265,206
191,170
179,195
212,260
44,89
113,98
175,172
267,211
94,138
227,201
53,223
138,89
268,200
92,153
151,98
83,82
110,174
80,123
84,126
172,172
94,88
144,97
81,169
262,207
76,153
209,265
188,157
220,249
144,98
86,69
113,204
214,220
127,154
208,269
64,211
63,253
195,272
188,125
206,246
261,197
213,213
51,104
95,83
269,199
259,166
113,162
198,114
170,144
213,214
138,85
167,155
223,233
185,204
166,171
72,190
198,107
236,198
93,140
93,142
191,162
124,170
265,184
216,223
98,33
126,197
71,267
89,153
197,283
87,74
118,27
215,223
194,286
97,139
116,158
67,221
49,75
268,190
105,119
139,172
246,166
214,216
193,178
109,189
137,67
66,212
129,155
71,208
99,165
75,144
66,175
204,277
54,222
188,146
79,212
181,171
269,208
200,221
190,129
111,176
113,196
215,257
266,190
95,51
226,144
305,130
187,104
81,260
110,294
148,85
94,165
123,296
101,173
187,155
188,156
249,211
190,180
79,137
90,186
85,274
193,284
138,119
201,263
58,228
53,131
96,205
188,92
249,196
59,216
246,196
191,181
210,264
52,131
72,217
235,161
128,98
74,204
135,98
0,47
112,106
260,194
201,277
96,134
108,120
224,237
104,178
194,181
219,134
188,166
169,145
233,173
145,178
86,68
157,125
162,197
83,130
93,294
264,210
202,261
174,131
254,213
229,181
69,248
101,37
82,75
101,52
249,214
225,189
93,128
188,158
149,82
111,151
267,189
110,87
69,63
113,175
89,66
207,166
225,202
108,172
250,148
46,124
265,199
241,179
79,140
217,249
44,95
84,277
53,77
104,65
62,207
197,270
46,90
189,137
207,269
85,271
224,235
110,153
102,31
174,171
190,134
72,254
217,128
64,256
90,131
100,124
274,204
76,215
190,118
187,154
86,270
190,130
194,221
272,207
107,115
65,73
120,297
104,63
87,114
223,209
155,177
192,282
143,111
129,143
139,80
174,129
83,198
128,86
205,111
243,197
258,194
258,195
115,296
185,164
222,154
189,157
265,195
209,248
233,198
125,201
102,50
141,112
241,198
235,153
215,202
98,193
107,153
254,195
192,284
74,271
63,224
242,212
225,236
151,131
98,134
307,135
122,167
241,175
122,146
201,107
63,217
109,14
183,202
180,196
216,224
257,187
207,117
94,150
83,89
107,117
177,130
207,247
101,171
168,153
202,260
265,211
88,69
94,146
192,287
64,214
96,204
205,239
81,193
267,206
169,156
201,93
247,215
180,173
223,193
264,190
159,138
117,167
71,218
197,268
88,93
83,76
147,157
142,90
76,275
116,109
213,259
85,268
158,165
168,196
0,45
191,278
108,114
218,228
213,125
54,228
191,180
240,215
91,162
192,277
206,241
69,261
58,217
203,103
86,268
159,150
205,238
259,181
87,188
274,164
111,170
78,259
101,155
86,171
127,87
47,118
302,123
103,102
65,218
232,213
77,277
84,274
191,104
92,169
221,232
216,222
192,167
72,218
77,186
231,178
150,152
191,123
191,161
225,197
74,137
165,153
47,86
145,102
91,144
101,101
81,210
110,30
89,68
196,283
65,247
190,197
75,259
181,148
92,156
79,108
58,222
72,259
93,178
79,213
191,109
83,133
230,207
194,275
106,102
116,15
220,244
187,158
225,190
78,125
133,92
64,255
100,26
100,19
108,171
73,257
85,137
75,261
131,144
129,125
207,246
163,172
116,148
119,107
137,62
44,117
218,250
194,288
226,188
67,220
197,225
153,153
52,110
127,148
89,185
189,174
248,160
264,181
179,118
57,217
247,214
100,123
210,263
138,79
77,214
225,194
265,176
80,192
74,222
164,156
84,74
235,150
196,270
250,199
98,138
61,214
220,228
97,164
203,283
188,149
255,149
72,264
175,153
176,172
112,297
205,252
79,163
48,67
219,196
199,264
84,129
189,151
188,178
192,276
90,73
182,165
104,98
69,149
199,265
108,28
154,134
191,121
106,49
92,134
157,113
174,126
192,182
73,255
182,174
170,158
115,164
194,274
81,76
64,245
204,278
192,181
99,97
183,149
47,77
159,148
261,210
85,206
73,265
268,188
214,219
240,198
217,127
111,165
78,148
90,150
187,177
189,171
191,125
93,165
226,196
73,202
75,195
118,26
100,90
193,116
85,199
170,156
222,194
72,255
187,153
305,159
75,159
219,198
230,210
223,196
194,89
145,71
66,221
191,127
301,123
300,135
73,198
192,278
66,217
94,292
96,207
202,284
51,113
156,119
189,167
191,120
137,66
165,152
109,293
189,121
17,244
132,96
189,125
188,141
178,126
252,212
16,84
263,209
119,40
99,292
139,72
189,149
107,296
104,205
85,178
190,138
66,205
127,143
85,135
205,274
216,160
190,125
191,128
94,145
64,223
123,297
79,109
139,97
110,27
142,86
150,116
77,261
153,114
256,151
234,153
171,146
270,187
222,230
229,203
188,138
204,255
149,198
125,167
193,179
77,262
77,276
188,176
208,259
133,88
144,102
247,197
133,46
218,229
151,199
205,150
165,136
72,256
64,216
250,213
124,147
155,136
86,267
170,155
220,131
204,262
108,115
218,247
66,155
186,208
64,224
186,159
44,69
189,134
231,179
110,38
72,258
159,173
89,133
254,171
79,106
98,41
81,277
68,98
186,206
81,83
67,174
130,44
207,239
76,271
99,197
135,132
269,188
102,55
108,59
197,269
132,47
103,125
63,257
204,282
184,159
80,132
189,154
75,202
185,175
212,209
206,243
187,209
138,112
96,127
91,196
108,293
267,197
213,218
57,216
148,78
204,258
115,172
88,110
190,133
191,171
85,208
198,119
57,70
208,250
125,173
223,234
267,191
184,86
177,171
98,30
80,135
96,32
112,21
94,293
299,139
208,267
69,148
204,99
224,239
77,132
189,152
208,253
170,167
213,257
196,281
82,147
139,70
206,249
126,124
86,197
213,244
260,210
189,166
93,154
58,101
258,179
112,114
192,280
82,130
262,170
62,250
265,193
189,153
72,142
76,71
73,77
236,162
182,163
44,98
151,143
191,290
271,206
231,198
91,169
192,281
70,219
187,207
74,264
207,271
97,135
202,148
70,265
70,264
73,254
138,163
78,151
135,52
62,221
64,74
75,272
85,272
177,194
104,27
192,178
77,267
253,175
294,148
189,169
195,105
155,135
267,187
93,141
102,125
268,191
91,145
64,219
146,117
47,110
147,140
63,255
165,149
80,117
224,191
143,161
69,66
139,152
133,130
176,163
84,276
266,187
249,201
81,89
64,209
119,132
189,172
126,164
263,211
99,19
224,23
77,190
46,97
192,112
111,101
84,275
311,124
216,251
229,201
129,299
124,166
107,98
113,159
99,178
90,148
259,203
267,190
66,198
133,150
200,287
235,207
190,156
272,206
153,133
66,209
274,168
167,150
268,201
83,84
74,258
190,176
93,139
128,97
98,203
118,75
74,261
80,115
101,167
76,262
80,120
99,38
200,262
109,296
73,256
150,156
249,193
250,212
272,205
221,231
87,108
57,225
273,204
163,149
132,199
225,200
228,185
188,175
70,146
267,185
168,162
107,15
88,62
69,150
244,197
226,197
113,106
111,112
124,140
193,276
266,193
154,138
86,272
229,183
223,231
64,249
227,184
181,197
217,226
86,269
193,110
69,219
125,157
149,151
96,100
96,31
191,174
92,63
139,94
46,91
113,59
70,147
108,169
179,171
155,131
60,245
71,265
202,114
257,152
76,136
133,48
136,91
65,209
60,214
215,299
82,207
301,158
92,94
100,114
92,131
139,54
206,247
63,219
62,253
112,76
76,137
88,72
118,95
102,192
190,143
215,221
218,226
217,292
73,268
100,18
146,92
185,138
263,176
121,171
148,172
134,93
199,263
190,128
54,219
132,106
131,77
66,196
205,275
186,204
219,229
82,210
241,214
89,67
191,118
75,216
234,149
72,268
181,174
166,168
245,214
175,150
79,107
189,150
99,133
194,283
242,213
59,215
273,205
202,285
54,232
86,177
48,87
192,114
264,188
145,94
111,113
110,12
112,105
61,221
144,128
65,204
73,264
227,143
178,170
268,189
197,267
223,199
75,263
93,155
212,234
141,69
120,172
105,61
190,166
262,208
74,273
217,225
188,163
218,248
247,195
111,166
185,176
186,177
245,215
110,117
53,221
62,220
206,248
74,216
194,282
133,118
49,84
263,193
178,169
179,172
73,252
92,159
204,277
266,186
63,214
212,259
187,149
106,38
139,83
137,102
266,199
253,192
195,273
98,127
74,73
84,265
213,195
204,254
97,199
121,298
105,35
60,142
245,173
185,148
116,161
62,94
189,177
119,35
130,95
270,157
208,120
107,293
49,72
270,184
98,111
128,299
191,182
235,214
172,164
112,47
184,202
128,153
84,208
69,71
109,41
186,207
78,185
78,265
304,127
147,97
99,89
69,62
187,144
190,158
74,201
95,97
97,131
85,273
77,192
189,139
141,163
78,268
117,42
193,281
193,277
254,212
139,98
198,293
79,267
190,126
190,165
204,280
123,164
166,158
89,160
192,116
200,288
164,192
118,116
90,149
55,222
209,242
187,152
125,61
212,212
270,208
190,139
61,217
82,131
205,241
133,124
224,134
150,90
77,275
226,206
100,72
203,280
90,91
266,178
93,89
223,229
103,41
51,81
201,261
213,258
140,109
58,69
73,199
80,205
73,259
193,115
183,175
85,270
188,165
196,104
195,276
235,167
190,162
72,205
192,97
155,133
141,119
130,300
102,296
151,174
118,154
117,111
218,227
67,245
263,175
215,220
232,176
68,77
201,285
203,100
206,115
131,181
203,260
268,186
105,13
68,210
157,173
113,256
269,194
189,148
204,276
190,180
268,179
78,271
271,207
188,167
110,116
258,196
72,192
174,149
248,214
58,221
150,140
131,157
97,138
126,163
95,121
189,143
268,204
256,177
242,214
258,208
188,169
145,88
214,227
203,284
198,269
267,181
190,122
144,68
190,115
148,126
199,267
186,132
74,104
234,198
191,119
46,85
100,30
118,40
181,168
140,81
215,222
113,203
265,156
217,156
73,190
93,174
126,85
191,173
85,269
117,150
189,158
213,217
74,197
139,81
64,222
130,148
100,292
102,127
105,95
99,90
213,209
178,129
214,204
264,192
261,181
85,271
217,129
74,174
65,222
108,39
160,151
88,124
87,198
80,137
241,172
265,207
108,170
206,244
108,174
120,45
143,96
188,143
271,205
69,151
73,253
267,183
77,193
85,262
139,119
159,142
300,157
144,116
262,155
65,213
108,163
188,128
121,48
112,164
108,113
266,198
187,151
180,96
193,180
233,178
80,212
62,138
170,171
93,166
159,117
136,158
196,128
178,149
247,196
196,273
77,195
73,262
73,217
106,158
190,169
133,83
247,213
190,164
51,80
86,109
123,94
73,154
86,67
72,263
262,200
212,210
125,79
232,175
115,105
247,163
46,106
94,166
203,97
118,207
80,267
139,93
83,78
198,267
208,142
58,239
263,179
78,213
191,215
205,276
160,173
147,93
262,213
213,215
72,255
224,236
100,42
96,206
96,99
79,189
47,117
189,168
125,48
132,50
77,272
110,152
65,219
212,261
97,137
100,41
60,247
205,253
200,291
200,263
186,174
87,141
255,215
46,114
142,158
192,115
187,178
61,71
134,96
200,122
131,124
161,159
234,206
204,279
80,266
230,182
223,193
79,139
54,131
92,162
108,156
44,73
126,165
189,179
136,110
204,238
47,114
165,151
206,272
92,155
207,250
253,210
81,262
191,145
222,232
195,274
209,129
190,135
203,257
70,208
88,205
107,91
52,132
69,263
93,87
192,175
214,129
214,141
43,68
193,287
243,165
58,214
211,261
90,147
190,154
301,155
254,239
193,179
247,170
100,154
102,30
268,193
126,44
104,100
63,252
165,196
139,87
188,130
47,120
102,120
87,123
171,124
83,277
62,251
92,61
50,130
269,184
258,152
93,88
108,78
190,161
261,208
144,94
93,150
216,253
87,270
268,210
205,287
151,109
191,181
71,202
76,141
191,172
78,193
195,275
127,84
192,104
24,88
202,259
228,197
66,243
192,283
191,110
224,195
144,69
135,72
194,276
220,229
200,289
223,195
189,170
80,96
87,137
108,191
189,120
217,284
264,207
266,206
87,153
86,268
218,200
188,135
253,211
70,218
194,125
188,162
83,79
119,155
50,124
191,117
132,94
98,128
81,278
116,171
178,172
214,256
61,213
44,82
76,264
192,177
249,179
72,253
264,174
142,114
259,178
82,276
194,186
196,117
190,160
113,13
102,34
264,193
84,132
209,268
205,251
180,197
116,149
101,19
92,160
156,123
83,276
190,179
198,268
114,166
62,213
206,274
98,87
248,213
268,206
212,208
72,254
214,221
75,260
46,93
165,156
187,96
90,169
84,273
63,232
82,199
138,109
144,174
208,252
213,216
71,144
192,173
90,152
273,206
188,177
121,145
158,172
107,114
128,148
145,92
243,171
85,267
226,207
53,228
97,22
137,69
55,131
146,107
189,142
115,87
105,118
212,164
150,162
75,193
76,151
270,207
190,175
246,212
227,196
203,258
217,250
142,96
67,203
255,150
62,230
46,102
129,88
91,187
149,299
170,184
88,161
174,195
80,264
243,170
82,277
83,275
66,255
75,273
208,268
78,189
266,210
54,225
60,221
111,114
270,188
253,212
85,151
157,112
193,275
216,203
85,272
229,197
193,177
88,64
185,132
137,160
163,154
175,104
217,223
85,198
101,145
138,95
106,59
98,137
69,262
69,247
203,281
127,296
45,106
55,233
47,66
219,228
87,140
80,188
83,83
225,204
80,112
83,194
69,190
111,296
101,29
267,192
179,168
194,132
111,158
138,88
62,69
135,54
75,173
226,195
95,102
101,193
100,27
89,131
264,199
107,74
261,209
203,240
92,142
136,62
125,47
113,27
220,231
78,128
102,193
160,198
196,271
243,157
215,224
133,154
79,190
147,302
146,108
90,173
77,268
188,160
188,164
79,142
269,185
77,274
183,173
166,148
256,203
68,254
101,51
98,88
220,199
190,168
114,151
91,146
125,196
252,148
204,257
102,70
85,266
176,170
301,159
171,157
148,139
45,105
190,159
132,299
193,112
193,218
91,61
186,205
205,240
134,101
213,309
267,188
192,176
193,194
110,107
164,151
54,112
129,149
231,181
84,274
262,209
107,92
53,225
99,39
64,248
151,99
226,194
150,94
206,271
59,221
173,195
204,278
94,87
93,147
112,84
159,171
1,47
229,200
188,147
75,154
71,266
189,138
79,268
63,110
110,175
95,135
151,107
188,127
131,149
230,199
135,71
61,219
85,268
116,85
138,162
167,148
91,65
204,283
232,183
251,148
63,256
83,92
83,267
188,178
103,40
135,144
207,102
208,249
89,158
198,105
137,113
152,115
213,204
212,211
139,84
137,79
96,139
192,166
71,268
212,259
144,124
96,133
220,197
101,17
49,80
127,52
190,131
120,109
99,30
80,260
269,209
171,195
111,142
155,145
243,214
65,246
56,218
149,115
72,141
189,118
77,266
107,99
134,172
107,116
130,88
72,269
212,207
190,167
207,270
227,206
184,167
77,267
253,150
196,180
212,260
219,230
71,145
80,114
146,125
77,271
197,271
145,120
184,85
111,30
197,288
76,276
134,113
300,156
63,225
223,192
193,283
86,266
79,85
60,246
215,254
47,87
163,164
63,245
158,149
62,228
275,164
195,272
143,83
114,15
88,144
266,192
253,208
192,285
266,195
122,296
212,215
158,157
133,84
98,104
110,174
79,151
149,81
173,147
68,151
192,113
261,212
120,165
140,91
203,283
139,90
57,130
166,166
73,269
146,87
117,154
264,211
65,255
188,179
191,97
199,288
91,90
74,272
71,219
216,252
150,158
101,27
95,115
188,172
132,116
69,254
259,201
259,194
207,236
259,172
205,274
85,265
111,13
189,156
73,257
88,178
205,107
100,104
199,283
162,151
65,215
187,154
85,270
77,273
147,110
46,65
172,146
234,300
83,271
206,273
231,207
159,165
144,86
157,111
77,135
118,15
205,201
206,242
101,79
203,279
224,235
74,142
221,244
70,149
53,118
212,241
191,122
76,192
189,144
71,217
156,132
92,62
217,228
201,260
190,137
169,170
61,73
67,199
131,94
66,221
194,273
95,136
209,266
252,150
205,250
185,141
174,148
175,143
98,28
189,140
101,39
65,240
66,199
55,123
243,172
188,131
70,219
244,156
204,265
59,141
85,148
203,282
80,110
214,255
172,196
108,178
70,82
171,170
94,126
59,222
68,253
313,121
154,199
100,184
227,197
232,198
189,173
167,151
254,211
97,201
75,274
261,194
106,83
108,103
181,173
187,141
139,160
264,212
98,295
256,150
62,254
192,127
145,124
102,88
155,132
184,103
205,273
156,119
190,163
138,297
87,121
81,211
145,96
194,274
64,223
152,154
108,85
202,284
168,122
75,267
91,91
48,88
62,226
160,115
67,220
187,150
222,195
218,313
160,116
245,208
159,149
206,103
250,196
159,198
158,119
214,219
132,297
49,71
226,187
82,197
84,128
130,297
213,308
117,297
71,267
146,160
46,103
218,225
251,214
79,271
102,102
81,276
114,112
120,36
191,280
92,150
55,219
97,130
190,157
260,200
107,106
77,265
194,178
222,234
110,64
219,247
214,227
138,86
80,136
80,274
100,131
248,166
84,270
109,45
77,153
148,174
204,277
115,27
225,207
57,219
157,172
82,262
243,202
99,134
72,270
250,281
75,141
190,129
95,103
189,136
119,24
189,119
249,213
251,216
165,150
194,106
269,196
121,147
189,172
48,119
83,209
87,102
62,212
129,175
99,115
73,252
116,29
207,136
73,140
156,122
134,122
139,158
190,166
188,166
103,208
204,256
262,194
243,176
173,172
276,121
192,281
94,169
206,245
105,14
92,56
61,222
206,250
85,72
83,129
116,27
233,211
47,88
133,157
95,142
167,182
129,94
75,138
62,218
75,215
85,81
189,123
87,176
145,103
52,76
216,225
56,216
177,170
83,77
160,135
190,177
214,220
258,211
188,129
73,258
198,277
98,38
215,253
267,191
263,208
232,177
214,203
127,46
106,28
188,161
116,296
102,161
212,206
265,191
70,192
67,253
192,165
178,155
264,176
213,257
93,153
133,174
117,33
106,17
177,131
101,49
63,90
103,55
94,137
269,208
91,60
73,263
194,181
87,177
199,281
109,173
220,230
98,39
243,204
185,188
92,199
192,286
77,134
271,204
203,109
116,167
85,267
97,86
193,178
44,64
237,214
112,175
174,153
148,115
69,219
104,30
60,220
150,87
84,272
85,269
189,178
195,271
216,223
12,238
205,255
106,79
207,243
108,296
96,180
90,157
150,115
175,170
87,170
179,159
265,198
61,248
211,261
137,297
193,180
78,118
165,153
117,12
90,172
206,252
65,222
46,77
143,77
65,210
69,147
192,96
118,39
139,118
169,155
130,73
154,129
126,100
73,156
263,194
78,123
72,252
90,133
72,256
167,156
206,231
270,205
253,201
143,80
140,80
146,96
216,224
216,201
60,218
69,264
245,146
180,155
183,174
146,88
89,162
180,173
262,178
197,134
58,216
82,209
260,167
62,227
93,151
184,176
190,132
215,259
112,37
112,19
190,180
95,131
120,35
182,174
110,41
144,298
222,233
72,267
226,189
184,175
192,279
190,112
80,124
111,102
243,196
191,279
105,296
212,213
262,210
189,155
142,113
151,105
79,83
71,76
201,290
136,143
206,246
66,215
185,202
106,297
93,87
177,149
135,88
103,115
211,262
118,173
171,151
189,147
155,125
83,276
81,186
68,261
265,157
193,109
124,98
185,204
142,116
110,296
203,280
64,205
224,199
188,165
111,171
77,259
190,181
191,174
119,167
118,17
74,155
111,52
107,162
193,119
204,281
191,175
196,121
138,84
140,58
244,146
265,211
262,161
211,240
267,182
111,33
118,153
112,96
60,242
94,173
64,68
126,172
203,255
78,85
96,132
40,92
217,226
164,172
184,107
250,147
213,242
95,134
225,195
205,239
89,126
244,214
139,162
148,109
132,88
48,89
189,145
129,185
84,266
108,77
256,207
103,159
128,85
138,173
222,242
182,89
186,177
60,224
104,77
123,149
175,149
211,264
222,194
192,276
189,159
212,212
72,262
69,195
175,167
125,44
193,169
162,173
227,198
49,121
259,171
192,182
66,218
155,114
190,124
89,159
76,193
200,229
94,292
109,137
74,216
91,63
254,215
102,38
124,112
138,111
265,185
212,224
191,114
72,155
197,106
232,178
156,139
155,159
248,212
219,246
65,221
78,214
189,175
78,116
76,142
218,199
84,264
182,200
108,47
92,127
64,218
250,177
72,257
262,154
91,128
171,152
85,271
60,172
212,214
157,168
107,31
221,243
72,254
44,91
63,208
166,155
265,180
191,106
190,162
263,155
156,199
187,130
195,96
72,266
238,144
202,108
134,97
190,130
247,200
247,165
211,150
132,125
79,259
155,195
17,84
63,226
112,254
303,156
217,316
235,199
268,185
133,299
85,266
109,36
217,249
136,78
122,172
90,151
87,66
201,266
84,273
189,135
74,257
61,77
270,186
127,43
47,94
51,83
178,162
81,131
61,251
268,209
79,89
116,166
84,125
159,156
120,139
108,46
188,163
192,178
71,180
205,101
150,93
214,218
191,182
269,210
188,171
84,271
206,123
88,184
74,208
204,107
185,97
46,104
108,119
229,195
135,55
182,104
268,192
187,137
99,135
89,85
178,153
121,172
200,286
102,79
67,73
97,118
211,128
76,274
138,93
189,157
181,199
126,174
47,78
98,27
90,167
208,119
194,182
153,173
189,179
191,181
198,89
248,208
207,269
110,176
128,151
126,116
80,131
180,174
77,128
268,188
242,172
185,174
191,278
188,178
187,172
76,159
63,223
102,119
88,126
72,255
173,158
216,258
103,208
185,99
68,193
68,219
92,90
143,132
266,188
181,103
268,187
139,182
201,283
90,130
56,130
70,152
64,223
47,86
131,101
267,190
84,267
190,147
99,38
194,82
188,133
84,276
76,270
113,296
62,147
67,244
130,181
104,206
188,150
185,176
216,251
121,296
247,167
261,211
150,197
80,278
203,278
150,124
262,201
164,152
63,206
68,260
79,82
219,199
200,114
109,162
210,264
189,151
102,167
105,30
77,191
47,109
165,160
268,208
79,113
265,183
112,160
63,212
79,266
261,213
189,180
95,292
270,160
85,128
135,99
132,173
189,174
274,206
268,191
100,102
188,167
225,196
197,268
118,19
153,155
273,205
167,160
126,173
187,148
68,294
91,158
104,293
263,199
191,124
111,167
175,172
205,100
68,246
84,275
128,82
112,45
94,85
177,172
158,139
76,139
70,217
248,165
228,186
197,124
189,133
273,204
94,155
102,292
124,298
121,24
109,174
263,210
209,265
204,253
191,169
195,273
65,256
97,143
222,198
79,98
192,171
101,35
266,207
225,140
86,270
79,274
109,30
175,157
256,212
46,87
88,175
247,168
242,162
172,122
187,155
66,242
199,265
269,195
210,263
75,261
155,139
73,145
96,202
226,186
164,193
226,200
134,92
78,127
77,260
106,99
177,152
102,72
62,252
190,123
82,277
186,197
145,99
185,177
270,196
108,104
79,164
188,168
191,116
249,164
101,124
54,222
266,193
84,274
151,104
177,158
130,157
187,156
73,194
222,199
59,223
121,34
64,220
165,149
77,214
145,159
63,255
224,238
193,113
101,122
66,211
69,61
87,65
64,237
141,83
189,153
144,87
106,14
127,79
264,191
85,269
85,268
221,231
82,172
166,173
106,69
220,232
172,153
204,282
269,193
218,227
59,243
119,204
78,121
99,28
78,84
262,212
78,152
128,200
191,112
112,173
90,64
269,191
179,173
217,199
189,146
127,125
119,34
80,213
206,247
98,53
135,51
156,133
196,151
85,82
202,258
224,234
72,253
149,199
121,146
69,210
76,215
220,309
67,193
119,159
191,173
150,88
178,173
167,147
190,144
223,235
143,76
92,161
125,150
187,157
175,175
79,213
301,154
118,28
70,260
72,217
190,121
235,210
17,90
200,271
135,77
103,30
249,214
200,105
104,110
80,211
260,209
115,121
60,210
73,256
68,178
298,155
212,211
192,282
207,161
191,167
138,102
199,264
228,201
134,125
76,263
223,240
54,223
105,67
53,222
258,203
78,119
116,149
186,196
47,105
149,108
212,161
79,148
185,166
49,96
216,198
187,149
272,207
73,216
248,201
219,135
162,155
271,206
86,72
217,225
174,170
269,190
73,251
211,122
67,200
55,224
213,208
49,89
245,159
161,173
171,171
211,263
189,171
202,96
189,154
215,126
223,232
191,170
175,151
246,214
71,201
200,262
150,142
157,117
266,181
99,71
116,165
214,229
59,224
120,20
212,259
62,247
190,94
71,218
72,81
187,147
80,128
232,199
68,152
187,139
246,197
145,69
257,202
196,270
107,94
45,107
95,88
302,156
45,99
118,141
153,139
83,198
258,199
242,198
76,275
82,200
85,272
127,96
257,197
210,210
224,237
236,214
190,165
77,276
117,199
85,270
182,175
199,195
265,212
206,102
205,191
103,13
94,144
191,206
171,150
57,239
61,209
201,95
184,204
192,92
205,108
106,20
92,158
99,125
158,155
185,134
178,144
109,18
173,151
184,169
144,115
262,197
197,107
160,144
174,111
160,158
138,85
135,300
52,133
166,154
111,154
144,111
114,105
84,185
128,166
136,86
61,249
227,186
114,154
217,200
274,205
80,111
131,297
201,269
96,117
216,226
97,203
264,183
150,86
221,161
264,193
111,146
109,108
205,275
154,303
89,191
117,168
150,95
138,87
1,46
219,129
80,196
63,224
213,256
119,157
192,117
201,285
204,110
82,135
195,290
192,277
258,151
181,92
69,189
82,278
113,18
202,284
190,164
74,144
270,185
103,42
235,148
127,100
126,148
66,253
163,153
78,146
56,124
191,115
93,88
198,265
255,151
265,158
272,206
73,257
245,197
178,154
126,147
130,84
110,117
109,40
252,213
103,173
191,118
104,122
55,223
59,244
148,84
92,143
191,171
115,153
206,249
212,258
230,198
50,87
190,133
87,64
206,270
191,160
253,196
55,232
194,180
74,261
50,70
85,267
231,197
225,191
219,229
201,92
188,191
136,112
247,212
187,150
204,280
67,243
271,208
266,156
187,145
85,74
247,166
170,189
209,267
68,262
174,154
112,203
253,168
74,139
65,214
202,275
190,146
213,217
189,141
143,98
188,179
74,264
246,215
210,262
205,259
48,87
85,80
198,193
190,134
253,167
46,76
299,157
104,45
190,142
198,90
107,28
145,157
178,125
188,139
252,195
184,203
150,171
143,107
170,172
133,137
203,283
265,210
92,91
159,163
130,161
185,205
63,256
153,123
190,181
128,128
205,237
106,29
68,242
243,169
55,113
73,153
86,267
78,191
143,174
206,243
105,211
212,242
94,86
67,220
270,207
78,141
178,174
187,146
70,263
108,31
73,270
201,284
115,162
86,185
105,42
126,76
120,106
176,172
156,161
89,67
204,278
165,158
190,167
230,181
84,269
65,249
212,209
137,130
221,199
179,170
80,92
197,137
86,187
79,127
62,255
83,261
190,113
117,156
192,101
89,135
267,210
200,264
140,57
52,102
201,231
114,86
162,154
153,300
146,95
204,277
192,278
132,124
78,115
85,207
88,125
169,110
44,85
208,247
148,112
106,30
190,127
150,141
95,168
134,144
209,258
169,154
79,186
86,269
305,131
186,165
157,135
99,34
190,122
271,193
73,209
69,262
264,177
96,141
87,145
170,132
192,289
205,238
103,33
69,263
142,68
126,80
146,132
263,193
96,140
127,97
162,146
65,222
302,160
219,228
192,179
144,85
102,77
73,210
268,189
56,75
78,259
213,259
137,119
254,214
79,118
102,100
95,143
156,136
64,89
71,263
214,255
190,128
190,141
197,278
137,173
49,119
45,90
268,190
93,87
100,159
188,126
87,201
141,78
255,211
176,194
235,169
78,274
117,144
110,171
74,262
218,228
222,137
191,176
126,103
79,212
76,195
154,135
183,175
72,254
189,140
206,248
181,198
73,95
139,95
234,197
190,125
251,166
269,189
235,164
196,280
215,201
166,128
269,192
298,139
58,240
109,157
82,82
93,292
69,153
189,152
263,173
205,242
101,105
174,139
217,227
117,158
90,124
153,135
270,188
270,209
128,121
190,170
191,119
133,68
272,205
217,224
63,184
108,40
133,102
191,120
90,65
174,150
85,139
266,197
302,121
76,265
231,196
205,110
204,111
196,269
192,283
265,186
272,204
207,244
187,153
68,220
85,268
101,192
196,272
207,103
235,163
191,182
100,167
74,218
188,130
98,108
220,244
105,122
85,131
206,272
178,121
213,258
191,277
69,249
188,132
156,142
104,292
87,125
143,84
108,105
104,70
272,160
85,273
104,210
214,217
171,172
97,77
252,214
83,197
188,169
72,148
78,275
147,89
70,218
128,96
260,185
189,180
200,107
165,154
190,166
191,172
155,173
93,195
69,248
99,26
204,276
217,251
60,223
74,259
191,158
233,201
144,89
115,73
182,174
260,175
193,107
218,231
229,198
190,131
111,103
193,181
85,263
64,235
257,214
91,129
63,216
73,149
116,246
74,269
84,272
206,239
188,176
79,122
79,211
192,288
92,89
98,96
64,210
134,91
236,160
113,42
224,154
91,161
273,161
227,187
302,157
153,125
108,186
90,154
75,137
119,38
259,186
204,239
111,88
90,138
181,164
206,271
187,151
47,114
141,73
230,197
114,13
193,185
188,177
251,213
71,143
174,100
211,260
271,207
89,204
116,204
179,196
194,154
230,183
187,152
212,244
130,89
271,209
215,222
149,79
143,119
77,144
263,174
101,15
269,200
185,163
73,264
67,260
76,196
66,174
192,151
167,152
189,142
138,186
67,207
100,57
191,281
130,135
225,32
86,130
127,99
263,200
183,131
188,170
106,103
63,254
203,286
189,139
204,254
61,210
255,213
188,137
167,153
228,198
152,131
203,279
104,28
190,129
261,170
229,138
270,189
205,112
189,137
108,143
171,110
86,136
190,180
117,170
198,266
203,281
58,241
77,277
184,84
0,46
84,196
115,113
98,25
71,206
197,270
65,211
255,196
176,102
88,171
258,174
134,174
132,97
99,156
104,46
253,214
265,178
220,307
179,171
103,77
167,170
187,175
206,240
1,46
201,261
265,203
193,285
172,195
81,267
108,113
242,199
82,210
263,212
233,144
234,153
101,116
103,175
106,295
267,191
84,270
266,190
145,162
224,236
105,49
67,215
100,156
44,90
264,192
163,178
114,53
130,160
193,104
73,265
65,238
190,140
311,131
85,265
223,234
64,238
267,189
270,210
228,185
184,132
187,208
98,129
257,165
242,197
195,272
141,126
124,78
154,131
227,208
87,207
193,288
70,265
67,64
85,266
122,138
0,45
249,212
167,123
135,97
73,267
125,95
193,180
135,150
255,216
192,180
175,99
123,147
66,222
173,286
47,79
65,202
139,164
87,120
189,149
151,102
250,164
108,149
157,146
95,144
83,275
161,155
158,147
104,130
109,172
210,273
62,253
84,273
223,193
175,194
80,168
113,109
184,176
156,140
93,293
136,126
190,126
185,308
186,177
154,171
192,275
192,111
80,262
90,150
136,59
139,82
197,269
221,245
190,163
125,45
189,158
80,101
113,157
166,163
74,263
105,198
187,136
242,175
123,44
119,18
287,285
88,138
151,111
110,175
126,45
59,212
72,150
250,168
185,138
133,144
213,216
262,172
207,242
231,180
48,94
182,172
75,215
51,122
185,88
98,89
198,122
215,223
212,210
156,124
208,266
253,213
228,197
80,273
167,172
248,197
82,128
95,83
223,239
157,198
187,178
218,248
59,215
136,53
154,121
190,161
204,260
213,205
45,89
80,81
226,188
122,135
223,194
101,218
65,251
170,153
77,266
190,169
115,158
206,118
243,215
83,129
193,77
226,196
157,114
83,85
233,198
177,173
224,240
147,92
72,168
220,302
188,134
180,171
59,216
103,68
84,145
53,224
149,160
86,201
185,195
63,233
84,201
301,158
150,100
48,125
143,78
72,260
80,98
274,204
172,147
136,111
101,118
175,131
254,212
78,213
131,173
269,180
304,130
117,159
67,167
104,101
207,268
210,251
86,137
70,209
73,260
53,223
148,199
270,187
83,276
68,247
186,175
97,22
158,168
178,172
259,187
89,161
191,175
65,239
110,112
72,255
106,292
205,252
86,174
191,174
116,109
249,168
181,174
129,296
180,163
208,267
258,197
74,196
84,263
113,272
112,12
129,174
77,194
85,267
207,259
169,135
96,201
205,239
235,151
270,159
62,246
221,196
65,69
173,165
76,155
173,148
123,168
226,201
231,178
94,207
192,290
193,165
208,104
257,208
268,198
184,202
62,183
193,125
69,68
205,271
88,69
131,143
194,121
205,214
132,104
80,277
142,115
139,84
247,198
136,124
95,127
203,280
159,135
0,47
256,196
93,152
114,195
0,45
247,171
78,88
112,163
106,111
66,240
192,112
90,72
103,33
190,168
113,108
101,174
149,162
260,184
216,222
65,206
103,164
63,215
187,142
190,132
249,147
97,26
77,152
213,212
189,117
251,196
266,194
243,166
193,282
202,257
72,268
72,252
132,45
211,261
107,42
85,147
82,276
188,179
245,307
76,262
92,139
188,165
106,121
68,131
188,162
81,185
75,266
95,61
173,194
82,134
255,212
90,184
57,217
88,93
272,189
79,187
267,193
110,118
83,180
93,89
137,54
79,267
234,174
87,146
222,241
214,240
48,99
64,203
112,75
216,252
195,133
263,209
149,140
189,145
257,175
85,271
105,48
64,255
260,201
106,45
160,143
99,39
62,248
84,208
134,45
190,171
218,129
212,259
71,267
170,146
86,121
73,178
46,115
266,211
261,201
117,296
214,221
190,212
137,101
139,120
72,253
264,194
163,197
155,128
226,138
188,123
144,79
67,258
63,211
138,199
138,104
235,174
79,119
192,177
232,208
186,88
98,292
102,28
129,148
78,192
139,76
81,277
191,117
94,149
222,168
87,273
213,138
136,118
0,46
187,161
152,123
192,284
115,15
137,82
81,168
219,230
131,91
140,117
213,215
175,98
190,136
67,208
119,140
194,277
85,102
189,154
84,274
208,287
162,172
155,154
203,256
263,172
98,291
127,80
117,157
184,173
138,196
215,221
213,257
74,271
84,129
96,84
115,173
214,219
90,148
227,205
100,89
271,203
189,174
188,167
42,92
64,222
93,87
186,207
274,165
191,278
76,276
183,146
268,210
201,259
224,190
75,274
77,261
189,173
79,146
222,195
159,115
54,101
189,148
248,214
206,245
120,284
259,185
245,171
92,154
224,239
224,235
131,93
220,198
147,174
108,42
189,162
123,66
72,256
117,171
45,117
233,199
86,71
45,83
258,183
109,296
270,208
214,256
280,169
267,190
97,292
191,292
205,243
203,257
207,270
244,215
237,144
76,218
263,213
190,151
141,157
224,196
149,141
108,170
267,192
87,204
114,205
268,188
98,163
96,196
81,210
62,220
141,165
189,156
65,77
102,128
51,131
112,74
178,107
203,282
132,101
210,266
79,124
67,216
135,119
82,275
68,203
68,245
69,213
157,140
93,86
70,264
187,154
46,113
185,203
169,121
213,214
195,217
56,76
189,136
58,213
73,258
231,182
76,269
164,130
82,84
112,71
193,179
147,301
189,160
212,212
72,269
192,281
249,213
81,266
87,142
85,130
249,163
188,208
110,115
157,113
199,98
146,112
190,114
78,182
173,178
243,199
192,76
80,109
174,103
78,122
220,245
101,91
148,151
117,151
151,116
195,92
187,138
222,194
100,29
76,273
104,78
247,199
189,175
221,195
187,160
235,198
206,101
199,289
216,141
187,158
260,195
219,194
202,283
104,41
216,224
112,296
133,115
2,45
85,179
62,131
205,274
85,269
113,118
85,270
188,164
227,195
304,136
84,261
189,132
80,125
250,200
201,106
60,220
174,172
192,280
251,212
110,114
207,241
231,177
191,182
246,160
156,137
95,85
101,92
186,208
91,141
61,231
223,195
234,155
89,155
76,214
206,246
94,84
187,159
164,195
89,154
106,62
187,155
139,150
189,176
228,184
137,75
99,126
206,251
190,167
78,86
72,263
169,157
194,272
107,85
89,200
151,112
195,271
51,121
205,273
189,157
178,161
189,143
251,150
68,219
198,250
179,173
97,58
91,72
137,162
84,272
106,86
89,66
88,145
207,115
99,132
188,166
142,99
201,273
134,92
70,251
242,164
194,273
168,156
201,264
265,196
107,115
62,227
84,275
207,248
172,111
224,240
108,171
69,149
72,217
116,169
273,164
56,136
175,127
261,171
121,144
234,198
80,189
89,92
194,179
213,218
262,211
195,94
84,271
125,298
145,93
212,207
242,145
265,188
136,72
217,250
69,70
80,84
68,210
186,164
83,274
96,30
221,232
105,205
67,62
142,79
180,134
81,211
273,205
128,101
1,46
82,129
167,163
143,82
189,150
58,242
233,173
98,37
0,45
93,140
268,182
106,96
182,199
65,222
102,23
206,236
74,216
311,123
190,181
83,134
109,188
123,172
61,148
131,156
164,150
111,15
187,143
83,181
83,86
200,261
100,123
193,219
266,193
72,255
61,250
209,264
92,141
119,21
199,105
190,162
187,156
216,251
126,99
218,227
206,275
205,249
204,238
93,88
0,47
71,266
70,150
86,108
103,28
80,79
204,279
205,241
202,95
151,158
189,163
192,276
128,123
85,73
203,283
229,184
174,307
269,207
174,171
137,65
250,213
66,221
112,107
80,188
135,115
149,80
220,155
92,88
222,196
83,208
60,214
189,103
207,245
60,243
142,118
135,296
72,251
73,271
60,222
218,247
110,154
80,116
268,180
73,208
242,208
274,203
79,123
134,160
189,155
192,108
117,108
224,198
65,221
116,154
250,214
79,271
106,293
273,206
131,150
302,122
82,260
212,208
202,94
84,265
72,145
191,279
47,102
168,108
94,162
154,300
97,202
79,131
227,197
60,215
267,209
192,178
77,190
114,115
261,180
300,136
216,225
67,246
201,260
70,266
202,136
63,230
186,135
46,116
125,90
225,235
99,178
212,218
164,169
143,110
255,210
206,254
229,197
191,282
79,147
210,127
55,222
205,277
144,152
190,111
213,220
136,159
176,177
86,126
265,199
199,266
208,268
180,174
45,88
223,233
156,173
190,145
182,201
192,91
249,208
92,57
108,173
85,127
90,178
102,65
78,167
145,95
122,143
48,118
212,216
175,172
94,291
239,214
82,263
205,250
261,174
200,263
200,287
123,113
247,197
65,161
243,214
189,158
133,82
260,202
140,91
177,110
98,27
263,194
245,212
61,227
111,163
155,144
189,159
143,113
190,165
124,150
238,146
213,256
56,112
105,16
129,131
202,97
91,64
134,179
79,190
267,199
205,240
47,95
117,39
61,252
44,64
116,173
159,158
93,144
123,79
222,243
175,181
261,214
87,70
168,161
49,116
130,44
86,186
123,95
107,102
160,154
72,254
269,209
163,161
220,190
186,308
187,149
187,135
85,266
84,273
89,156
225,199
90,123
209,257
62,256
184,174
270,191
149,174
104,123
199,106
204,277
125,173
71,268
85,268
204,255
121,297
165,153
121,202
188,128
189,118
121,30
261,169
141,80
52,128
183,201
69,247
11,238
180,166
91,145
107,120
196,105
188,121
200,262
91,90
72,153
82,79
89,93
130,101
133,163
217,317
115,160
161,163
189,89
62,225
73,144
132,157
48,98
134,115
61,213
160,150
119,26
206,244
130,144
135,298
112,196
89,152
252,165
101,292
73,216
93,145
61,166
229,201
183,175
190,124
84,263
210,263
89,160
206,259
188,124
127,98
206,271
190,139
140,138
74,260
150,123
64,196
88,62
204,275
152,147
104,66
112,294
83,275
71,269
94,146
88,109
135,137
231,202
52,79
136,173
81,112
229,183
301,131
194,81
110,168
79,143
77,271
225,196
109,173
212,260
231,198
205,251
134,60
222,233
73,141
102,44
122,146
269,191
199,100
233,204
269,198
47,122
74,265
187,94
220,231
192,113
300,130
85,197
87,169
155,165
260,213
136,90
105,97
212,206
210,262
209,265
229,210
95,145
184,105
115,167
100,124
117,27
253,199
150,112
198,106
272,208
260,177
155,121
48,88
87,72
134,109
253,198
76,261
142,97
192,179
116,203
189,144
191,280
73,259
242,214
75,265
141,91
189,161
121,295
112,123
128,174
80,261
107,122
43,83
191,295
212,213
212,204
268,186
207,269
185,206
82,209
245,213
112,116
66,293
190,129
52,121
190,104
132,200
204,237
118,29
215,255
154,151
185,90
224,191
108,196
188,127
249,162
308,127
57,220
121,200
65,207
249,158
260,194
222,232
216,223
66,74
190,169
65,62
266,157
116,156
261,183
214,220
258,177
109,176
72,262
193,106
88,136
181,180
193,274
191,174
195,224
133,100
193,176
101,295
144,77
254,158
156,155
71,203
241,197
227,198
134,50
139,83
141,96
169,172
159,132
86,144
267,157
106,95
77,270
136,100
69,264
43,71
166,126
224,204
105,118
190,155
87,132
219,246
90,91
98,132
187,140
116,15
97,131
141,298
260,174
267,211
268,187
112,176
70,218
77,154
89,208
248,207
140,113
213,207
141,57
91,144
189,180
188,161
70,263
187,157
202,284
73,262
254,213
143,129
156,125
223,241
201,94
188,171
172,172
69,263
65,250
98,128
125,99
268,157
92,195
62,229
189,134
165,151
305,136
228,207
82,81
249,215
188,168
187,177
74,261
256,165
173,282
209,120
188,125
150,301
169,156
235,153
131,167
271,191
133,70
178,171
189,135
114,116
144,117
176,173
217,227
275,209
213,217
243,198
83,127
71,80
86,69
84,268
227,201
190,172
214,254
121,151
107,30
165,157
106,161
206,238
48,100
223,287
87,187
143,301
87,93
82,139
214,257
134,48
83,150
103,128
230,201
146,109
93,87
61,216
175,166
192,282
205,104
184,178
80,212
204,271
206,242
45,100
249,214
273,165
190,170
158,173
180,173
64,223
193,284
60,246
107,151
244,214
259,200
191,144
217,248
89,153
79,265
13,240
243,203
300,159
268,189
97,87
216,132
178,195
239,206
217,226
189,138
256,194
145,199
115,278
113,80
190,112
73,250
193,275
99,291
203,280
264,193
88,294
192,114
251,194
78,141
266,202
60,248
213,219
147,112
112,161
212,211
212,215
190,130
124,172
83,273
191,182
246,161
96,85
67,254
135,160
58,216
99,154
232,197
152,138
83,128
165,130
100,40
95,100
84,128
188,174
245,214
72,257
96,154
80,126
101,18
248,208
205,246
199,272
93,146
248,196
108,184
139,74
221,242
96,150
95,164
272,206
206,270
204,283
97,29
191,121
211,212
69,205
189,151
110,136
184,130
55,123
104,49
269,158
112,169
102,99
205,248
86,127
150,142
187,176
135,83
133,155
115,155
139,102
243,174
90,146
137,89
80,208
81,259
70,207
84,272
182,130
154,152
266,189
118,167
192,285
105,295
268,192
100,129
62,251
120,168
267,200
222,193
67,220
238,214
270,190
205,242
132,85
190,279
82,80
109,174
83,209
102,42
106,37
90,199
79,133
126,176
102,64
302,128
127,162
69,218
271,158
270,186
49,70
220,230
84,270
107,161
268,191
191,176
173,170
90,170
197,89
272,207
56,222
205,276
191,175
268,177
205,272
181,106
78,117
80,278
300,128
54,231
172,190
73,261
84,267
157,126
113,30
77,213
72,142
169,149
205,253
98,34
61,249
45,112
174,153
110,116
117,34
190,171
87,127
185,177
235,204
111,96
177,126
89,187
77,161
267,202
266,208
19,88
63,207
84,269
305,128
187,170
138,159
203,282
84,195
233,174
190,164
190,123
124,79
264,209
231,208
59,69
218,229
46,64
232,174
193,220
160,165
223,234
77,125
201,117
70,145
72,256
217,225
79,268
85,267
96,136
144,70
110,18
165,152
258,167
214,203
183,173
110,113
194,274
69,209
190,181
92,151
188,169
223,190
143,142
88,63
249,197
89,67
186,209
196,271
138,75
189,153
82,182
273,207
82,130
213,204
191,293
187,153
190,120
168,170
130,149
265,194
267,207
252,212
183,150
62,252
91,89
77,259
267,158
190,119
104,38
76,259
104,44
261,173
81,278
261,194
128,134
131,296
193,278
135,113
223,33
63,223
76,274
234,199
60,74
98,135
46,90
77,191
87,73
55,221
187,161
116,202
89,186
234,146
145,80
86,175
111,112
70,143
131,127
144,156
189,147
188,165
178,151
191,119
187,162
136,193
155,129
44,99
102,170
16,247
82,276
148,116
212,258
140,118
145,146
85,181
46,84
125,147
197,268
130,76
159,157
124,77
235,211
262,177
110,19
142,76
94,127
63,234
192,283
108,15
185,165
79,264
193,181
229,202
92,87
89,201
181,172
273,201
227,196
62,254
188,163
261,193
92,142
249,202
102,127
231,210
187,144
143,112
109,12
52,74
180,197
108,92
187,134
65,208
190,128
217,249
185,105
47,118
232,198
139,300
99,50
201,284
210,255
71,255
57,237
268,184
130,47
46,120
190,106
100,101
85,274
74,207
208,254
112,145
212,259
157,171
199,263
216,147
100,100
244,197
221,231
79,122
71,155
274,206
189,180
130,299
158,132
261,202
215,254
234,202
113,156
196,88
183,202
79,165
172,138
223,237
196,270
219,245
85,163
110,89
100,291
96,105
141,125
188,167
85,201
82,261
190,166
70,267
44,103
142,200
188,179
136,297
265,182
192,94
83,81
144,164
60,245
271,207
99,40
76,209
98,136
187,178
150,91
192,294
211,260
184,145
170,154
88,64
144,82
79,150
233,172
268,211
126,83
191,173
112,174
94,88
191,181
79,120
92,159
133,47
112,162
156,141
194,275
117,16
192,181
73,264
95,126
85,207
183,143
247,214
56,218
59,245
225,197
225,189
144,80
69,206
190,125
63,213
105,212
75,215
102,292
151,144
94,208
269,208
69,219
66,220
266,195
90,66
171,171
102,32
145,94
184,176
90,175
208,138
92,62
189,131
164,151
194,80
213,296
59,214
107,34
89,158
203,279
98,31
84,273
164,163
203,278
60,69
78,266
139,58
196,268
70,156
186,306
82,277
137,64
250,158
72,201
97,83
128,83
271,159
202,230
84,271
190,168
266,212
214,244
187,137
117,153
192,287
63,221
302,161
226,190
208,103
125,164
79,266
267,191
188,154
90,149
155,136
95,105
222,194
302,129
77,123
137,158
44,96
104,295
214,221
187,166
260,181
138,85
78,149
78,113
135,53
114,18
84,184
192,90
48,90
92,140
127,148
208,255
133,89
299,156
187,164
202,259
187,146
83,264
107,100
94,168
271,284
176,172
151,109
113,175
74,273
126,97
65,212
78,270
206,258
189,152
294,147
178,126
101,41
116,153
74,272
106,152
139,143
75,195
214,222
59,221
102,40
202,258
236,153
119,112
247,216
138,151
265,211
266,203
65,223
161,145
103,43
71,217
79,104
139,85
251,214
167,166
89,157
69,248
109,100
218,226
120,14
49,79
211,305
148,122
188,129
268,190
182,200
63,231
215,253
129,83
226,198
87,71
99,133
222,197
76,136
226,197
48,87
162,171
71,144
107,295
221,193
70,208
136,151
142,199
76,153
81,187
132,149
122,167
200,168
219,229
213,225
204,252
229,206
53,221
247,174
129,98
203,281
205,123
76,192
66,159
66,208
222,234
59,73
111,166
200,286
58,215
182,175
165,149
221,233
77,126
268,207
60,217
190,173
229,198
79,105
133,166
72,252
183,152
160,117
224,200
208,246
211,261
225,32
93,291
190,121
144,94
169,190
114,167
122,170
109,109
240,199
189,130
262,194
176,94
205,247
267,198
75,262
191,207
55,218
91,71
143,200
83,274
106,104
206,114
43,65
212,209
115,154
114,31
145,89
215,219
134,177
162,140
103,48
172,128
195,272
269,190
263,183
85,269
49,101
144,155
220,191
56,226
273,186
111,113
306,123
89,140
187,145
189,133
192,86
65,254
216,227
191,166
207,268
235,214
150,97
86,129
216,251
197,117
188,94
148,150
151,125
195,278
64,222
140,86
267,201
187,179
62,255
78,267
111,152
70,146
203,283
233,198
239,210
94,191
50,94
177,162
261,213
189,181
264,184
128,143
193,180
204,253
260,204
187,151
80,131
168,155
204,114
56,220
241,208
230,180
141,154
212,207
187,141
94,85
107,110
69,152
161,148
109,175
309,135
93,87
218,228
170,150
252,196
140,85
76,275
121,145
209,264
77,268
177,172
67,221
240,198
247,164
75,271
74,197
49,112
92,126
165,150
72,211
188,126
191,142
191,117
186,177
183,176
147,109
152,153
206,271
105,152
129,124
111,100
66,224
175,195
94,152
243,162
72,255
126,150
102,293
232,175
61,221
89,60
77,142
248,198
151,107
110,117
190,182
209,266
103,98
92,153
249,161
249,196
93,86
189,140
199,264
119,28
91,207
115,177
75,194
134,46
119,162
225,190
187,150
78,114
100,39
119,201
237,203
137,71
80,211
214,218
71,256
185,205
245,168
68,261
118,139
68,206
154,173
110,207
58,222
51,128
81,130
187,209
132,87
89,128
